member_id,bet_month,分层,标注,证据等级,n_orders,n_rounds_month,n_days_month,n_tables_month,n_hedge_rounds,n_hedge_eq,hedge_eq_share,n_zero_pnl_rounds,n_vb_true_zero,n_vb_positive,sum_valid_bet,sum_stake,sum_game_pnl,sum_rebate,n_order_nocomm,识别契约,来源
4986748,2026-04-01,5–29单,T-05 自我对冲/打水,OBSERVED,6,3,1,1,3,3,1.0,2,6,0,0.0,1970.4433497534,-16.4203612479,0.0,0,sum_valid_bet=0 且 n_orders>=5 且 n_hedge_eq>0,§Z-14（软编码，库内现算，v4-revised-2）
4986748,2026-05-01,5–29单,T-05 自我对冲/打水,OBSERVED,10,5,2,2,5,5,1.0,3,10,0,0.0,2931.5960912052,-24.4299674267,0.0,0,sum_valid_bet=0 且 n_orders>=5 且 n_hedge_eq>0,§Z-14（软编码，库内现算，v4-revised-2）
4986748,2026-07-01,5–29单,T-05 自我对冲/打水,OBSERVED,8,4,1,1,4,4,1.0,3,8,0,0.0,2588.9967637544,-16.1812297735,0.0,0,sum_valid_bet=0 且 n_orders>=5 且 n_hedge_eq>0,§Z-14（软编码，库内现算，v4-revised-2）
5927149,2026-06-01,5–29单,T-05 自我对冲/打水,OBSERVED,8,4,4,4,4,4,1.0,2,8,0,0.0,2400.0,-30.0,0.0,0,sum_valid_bet=0 且 n_orders>=5 且 n_hedge_eq>0,§Z-14（软编码，库内现算，v4-revised-2）
13772052,2026-06-01,5–29单,T-05 自我对冲/打水,OBSERVED,18,9,3,4,9,9,1.0,4,18,0,0.0,8200.0,-115.0,0.0,0,sum_valid_bet=0 且 n_orders>=5 且 n_hedge_eq>0,§Z-14（软编码，库内现算，v4-revised-2）
13772052,2026-07-01,5–29单,T-05 自我对冲/打水,OBSERVED,8,4,3,3,4,4,1.0,2,8,0,0.0,5200.0,-100.0,0.0,0,sum_valid_bet=0 且 n_orders>=5 且 n_hedge_eq>0,§Z-14（软编码，库内现算，v4-revised-2）
65024109,2026-05-01,5–29单,T-05 自我对冲/打水,OBSERVED,8,4,1,1,4,4,1.0,3,8,0,0.0,92.4272660432,-0.5251549207,0.0,0,sum_valid_bet=0 且 n_orders>=5 且 n_hedge_eq>0,§Z-14（软编码，库内现算，v4-revised-2）
87150520,2026-05-01,5–29单,T-05 自我对冲/打水,OBSERVED,6,3,1,3,3,3,1.0,3,6,0,0.0,62.3143551504,0.0,0.0,0,sum_valid_bet=0 且 n_orders>=5 且 n_hedge_eq>0,§Z-14（软编码，库内现算，v4-revised-2）
89178141,2026-06-01,5–29单,T-05 自我对冲/打水,OBSERVED,8,4,1,1,4,4,1.0,4,8,0,0.0,2057.242780364,0.0,0.0,8,sum_valid_bet=0 且 n_orders>=5 且 n_hedge_eq>0,§Z-14（软编码，库内现算，v4-revised-2）
97495192,2026-03-01,5–29单,T-05 自我对冲/打水,OBSERVED,10,5,1,2,5,5,1.0,2,10,0,0.0,115.8595992312,-1.579903626,0.0,0,sum_valid_bet=0 且 n_orders>=5 且 n_hedge_eq>0,§Z-14（软编码，库内现算，v4-revised-2）
97766161,2026-08-01,5–29单,T-05 自我对冲/打水,OBSERVED,6,3,1,2,3,3,1.0,1,6,0,0.0,44.4480362048,-0.6061095846,0.0,0,sum_valid_bet=0 且 n_orders>=5 且 n_hedge_eq>0,§Z-14（软编码，库内现算，v4-revised-2）
112723950,2026-06-01,5–29单,T-05 自我对冲/打水,OBSERVED,6,3,1,1,3,3,1.0,2,6,0,0.0,77.1466042638,-0.6428883689,0.0,0,sum_valid_bet=0 且 n_orders>=5 且 n_hedge_eq>0,§Z-14（软编码，库内现算，v4-revised-2）
114860988,2026-03-01,5–29单,T-05 自我对冲/打水,OBSERVED,6,3,2,3,3,3,1.0,2,6,0,0.0,100.0,-1.0,0.0,0,sum_valid_bet=0 且 n_orders>=5 且 n_hedge_eq>0,§Z-14（软编码，库内现算，v4-revised-2）
118208433,2026-04-01,5–29单,T-05 自我对冲/打水,OBSERVED,6,3,1,1,3,3,1.0,2,6,0,0.0,24000.0,-250.0,0.0,0,sum_valid_bet=0 且 n_orders>=5 且 n_hedge_eq>0,§Z-14（软编码，库内现算，v4-revised-2）
128593579,2026-03-01,5–29单,T-05 自我对冲/打水,OBSERVED,8,4,1,1,4,4,1.0,1,8,0,0.0,326.5306122448,-6.1224489795,0.0,0,sum_valid_bet=0 且 n_orders>=5 且 n_hedge_eq>0,§Z-14（软编码，库内现算，v4-revised-2）
129274574,2026-06-01,5–29单,T-05 自我对冲/打水,OBSERVED,10,5,1,4,5,5,1.0,4,10,0,0.0,97.7190320674,-0.6428883689,0.0,0,sum_valid_bet=0 且 n_orders>=5 且 n_hedge_eq>0,§Z-14（软编码，库内现算，v4-revised-2）
133544050,2026-03-01,5–29单,T-05 自我对冲/打水,OBSERVED,6,3,1,2,3,3,1.0,0,6,0,0.0,1058.5434010956,-26.4635850274,0.0,0,sum_valid_bet=0 且 n_orders>=5 且 n_hedge_eq>0,§Z-14（软编码，库内现算，v4-revised-2）
134517338,2026-05-01,5–29单,T-05 自我对冲/打水,OBSERVED,9,5,3,3,4,4,0.8,2,9,0,0.0,3650.0,-75.0,0.0,0,sum_valid_bet=0 且 n_orders>=5 且 n_hedge_eq>0,§Z-14（软编码，库内现算，v4-revised-2）
137591678,2026-04-01,5–29单,T-05 自我对冲/打水,OBSERVED,6,3,1,1,3,3,1.0,2,6,0,0.0,4638.1211392912,-52.7059220374,0.0,0,sum_valid_bet=0 且 n_orders>=5 且 n_hedge_eq>0,§Z-14（软编码，库内现算，v4-revised-2）
138107903,2026-06-01,5–29单,T-05 自我对冲/打水,OBSERVED,8,4,1,4,4,4,1.0,1,8,0,0.0,576.027978502,-14.2721217888,0.0,0,sum_valid_bet=0 且 n_orders>=5 且 n_hedge_eq>0,§Z-14（软编码，库内现算，v4-revised-2）
139309024,2026-03-01,5–29单,T-05 自我对冲/打水,OBSERVED,14,7,3,4,7,7,1.0,3,14,0,0.0,1052.7245804626,-9.8113797638,0.0,0,sum_valid_bet=0 且 n_orders>=5 且 n_hedge_eq>0,§Z-14（软编码，库内现算，v4-revised-2）
139484909,2026-05-01,5–29单,T-05 自我对冲/打水,OBSERVED,16,8,2,3,8,8,1.0,5,16,0,0.0,356.1663656322,-3.6526099338,0.0,0,sum_valid_bet=0 且 n_orders>=5 且 n_hedge_eq>0,§Z-14（软编码，库内现算，v4-revised-2）
139484909,2026-07-01,5–29单,T-05 自我对冲/打水,OBSERVED,10,5,1,1,5,5,1.0,2,10,0,0.0,204.390303724,-3.0658545558,0.0,0,sum_valid_bet=0 且 n_orders>=5 且 n_hedge_eq>0,§Z-14（软编码，库内现算，v4-revised-2）
139965362,2026-04-01,5–29单,T-05 自我对冲/打水,OBSERVED,8,4,1,1,4,4,1.0,2,8,0,0.0,261.7595476798,-3.9263932152,0.0,0,sum_valid_bet=0 且 n_orders>=5 且 n_hedge_eq>0,§Z-14（软编码，库内现算，v4-revised-2）
142534422,2026-05-01,5–29单,T-05 自我对冲/打水,OBSERVED,6,3,1,2,3,3,1.0,1,6,0,0.0,126.0371809686,-2.1006196828,0.0,2,sum_valid_bet=0 且 n_orders>=5 且 n_hedge_eq>0,§Z-14（软编码，库内现算，v4-revised-2）
142579066,2026-03-01,5–29单,T-05 自我对冲/打水,OBSERVED,10,5,1,2,5,5,1.0,4,10,0,0.0,131.65863549,-0.6582931775,0.0,0,sum_valid_bet=0 且 n_orders>=5 且 n_hedge_eq>0,§Z-14（软编码，库内现算，v4-revised-2）
143553996,2026-07-01,5–29单,T-05 自我对冲/打水,OBSERVED,8,4,1,1,4,4,1.0,2,8,0,0.0,2400.0,-30.0,0.0,0,sum_valid_bet=0 且 n_orders>=5 且 n_hedge_eq>0,§Z-14（软编码，库内现算，v4-revised-2）
143663753,2026-04-01,5–29单,T-05 自我对冲/打水,OBSERVED,24,12,1,2,12,12,1.0,6,24,0,0.0,674.6358020792,-8.4329475262,0.0,0,sum_valid_bet=0 且 n_orders>=5 且 n_hedge_eq>0,§Z-14（软编码，库内现算，v4-revised-2）
145198183,2026-05-01,5–29单,T-05 自我对冲/打水,OBSERVED,6,3,1,2,3,3,1.0,1,6,0,0.0,74.9387519816,-1.8374405534,0.0,0,sum_valid_bet=0 且 n_orders>=5 且 n_hedge_eq>0,§Z-14（软编码，库内现算，v4-revised-2）
145505175,2026-03-01,5–29单,T-05 自我对冲/打水,OBSERVED,8,4,1,1,4,4,1.0,2,8,0,0.0,5400.0,-35.0,0.0,0,sum_valid_bet=0 且 n_orders>=5 且 n_hedge_eq>0,§Z-14（软编码，库内现算，v4-revised-2）
145931849,2026-03-01,5–29单,T-05 自我对冲/打水,OBSERVED,6,3,2,3,3,3,1.0,2,6,0,0.0,57.9297996156,-0.3949759065,0.0,0,sum_valid_bet=0 且 n_orders>=5 且 n_hedge_eq>0,§Z-14（软编码，库内现算，v4-revised-2）
146273793,2026-03-01,5–29单,T-05 自我对冲/打水,OBSERVED,6,3,1,1,3,3,1.0,3,6,0,0.0,110.0448983186,0.0,0.0,0,sum_valid_bet=0 且 n_orders>=5 且 n_hedge_eq>0,§Z-14（软编码，库内现算，v4-revised-2）
146285664,2026-05-01,5–29单,T-05 自我对冲/打水,OBSERVED,6,3,2,2,3,3,1.0,3,6,0,0.0,103.7828862022,0.0,0.0,0,sum_valid_bet=0 且 n_orders>=5 且 n_hedge_eq>0,§Z-14（软编码，库内现算，v4-revised-2）
146364347,2026-06-01,5–29单,T-05 自我对冲/打水,OBSERVED,8,4,4,4,4,4,1.0,3,8,0,0.0,83.0858068672,-0.5192862929,0.0,0,sum_valid_bet=0 且 n_orders>=5 且 n_hedge_eq>0,§Z-14（软编码，库内现算，v4-revised-2）
146595945,2026-05-01,5–29单,T-05 自我对冲/打水,OBSERVED,12,6,1,1,6,6,1.0,2,12,0,0.0,288.22596916,-5.0439544604,0.0,0,sum_valid_bet=0 且 n_orders>=5 且 n_hedge_eq>0,§Z-14（软编码，库内现算，v4-revised-2）
146629905,2026-03-01,5–29单,T-05 自我对冲/打水,OBSERVED,28,14,2,1,14,14,1.0,9,28,0,0.0,885.5421686748,-5.6852409638,0.0,0,sum_valid_bet=0 且 n_orders>=5 且 n_hedge_eq>0,§Z-14（软编码，库内现算，v4-revised-2）
146629905,2026-05-01,5–29单,T-05 自我对冲/打水,OBSERVED,12,6,1,2,6,6,1.0,3,12,0,0.0,105.2024787434,-1.3690733535,0.0,0,sum_valid_bet=0 且 n_orders>=5 且 n_hedge_eq>0,§Z-14（软编码，库内现算，v4-revised-2）
146649238,2026-07-01,5–29单,T-05 自我对冲/打水,OBSERVED,6,3,1,2,3,3,1.0,3,6,0,0.0,1541.1090848382,0.0,0.0,0,sum_valid_bet=0 且 n_orders>=5 且 n_hedge_eq>0,§Z-14（软编码，库内现算，v4-revised-2）
146682295,2026-03-01,5–29单,T-05 自我对冲/打水,OBSERVED,6,3,1,1,3,3,1.0,1,6,0,0.0,45.1807228914,-0.7530120482,0.0,0,sum_valid_bet=0 且 n_orders>=5 且 n_hedge_eq>0,§Z-14（软编码，库内现算，v4-revised-2）
146682295,2026-05-01,5–29单,T-05 自我对冲/打水,OBSERVED,16,8,1,1,8,8,1.0,6,16,0,0.0,475.572849114,-2.1616947687,0.0,0,sum_valid_bet=0 且 n_orders>=5 且 n_hedge_eq>0,§Z-14（软编码，库内现算，v4-revised-2）
146749324,2026-04-01,5–29单,T-05 自我对冲/打水,OBSERVED,12,6,1,1,6,6,1.0,1,12,0,0.0,411.3865932052,-8.448117539,0.0,0,sum_valid_bet=0 且 n_orders>=5 且 n_hedge_eq>0,§Z-14（软编码，库内现算，v4-revised-2）
146790745,2026-03-01,5–29单,T-05 自我对冲/打水,OBSERVED,10,5,1,1,5,5,1.0,4,10,0,0.0,2132.8698949364,-13.165863549,0.0,0,sum_valid_bet=0 且 n_orders>=5 且 n_hedge_eq>0,§Z-14（软编码，库内现算，v4-revised-2）
146812893,2026-05-01,5–29单,T-05 自我对冲/打水,OBSERVED,20,10,10,8,10,10,1.0,2,20,0,0.0,210.06196828,-4.2012393656,0.0,0,sum_valid_bet=0 且 n_orders>=5 且 n_hedge_eq>0,§Z-14（软编码，库内现算，v4-revised-2）
146812893,2026-06-01,5–29单,T-05 自我对冲/打水,OBSERVED,6,3,3,3,3,3,1.0,1,6,0,0.0,62.3143551504,-1.0385725858,0.0,0,sum_valid_bet=0 且 n_orders>=5 且 n_hedge_eq>0,§Z-14（软编码，库内现算，v4-revised-2）
146855013,2026-04-01,5–29单,T-05 自我对冲/打水,OBSERVED,12,6,1,1,6,6,1.0,4,12,0,0.0,528.9256198346,-5.142332415,0.0,0,sum_valid_bet=0 且 n_orders>=5 且 n_hedge_eq>0,§Z-14（软编码，库内现算，v4-revised-2）
146932650,2026-04-01,5–29单,T-05 自我对冲/打水,OBSERVED,18,9,1,1,9,9,1.0,7,18,0,0.0,310.0775193792,-1.7226528854,0.0,0,sum_valid_bet=0 且 n_orders>=5 且 n_hedge_eq>0,§Z-14（软编码，库内现算，v4-revised-2）
147027434,2026-03-01,5–29单,T-05 自我对冲/打水,OBSERVED,6,3,1,2,3,3,1.0,1,6,0,0.0,22.590361446,-0.3765060242,0.0,0,sum_valid_bet=0 且 n_orders>=5 且 n_hedge_eq>0,§Z-14（软编码，库内现算，v4-revised-2）
147067646,2026-04-01,5–29单,T-05 自我对冲/打水,OBSERVED,6,3,1,1,3,3,1.0,3,6,0,0.0,400.0,0.0,0.0,0,sum_valid_bet=0 且 n_orders>=5 且 n_hedge_eq>0,§Z-14（软编码，库内现算，v4-revised-2）
147083297,2026-03-01,5–29单,T-05 自我对冲/打水,OBSERVED,6,3,1,2,3,3,1.0,1,6,0,0.0,220.0897966372,-3.8515714412,0.0,0,sum_valid_bet=0 且 n_orders>=5 且 n_hedge_eq>0,§Z-14（软编码，库内现算，v4-revised-2）
147083680,2026-05-01,5–29单,T-05 自我对冲/打水,OBSERVED,18,9,5,5,9,9,1.0,5,18,0,0.0,481.9688014892,-5.2222060681,0.0,0,sum_valid_bet=0 且 n_orders>=5 且 n_hedge_eq>0,§Z-14（软编码，库内现算，v4-revised-2）
147083680,2026-06-01,5–29单,T-05 自我对冲/打水,OBSERVED,28,14,7,6,14,14,1.0,6,28,0,0.0,727.0008100866,-10.9050121512,0.0,0,sum_valid_bet=0 且 n_orders>=5 且 n_hedge_eq>0,§Z-14（软编码，库内现算，v4-revised-2）
147131308,2026-03-01,5–29单,T-05 自我对冲/打水,OBSERVED,8,4,2,3,4,4,1.0,1,8,0,0.0,1166.4759221762,-23.6596531384,0.0,0,sum_valid_bet=0 且 n_orders>=5 且 n_hedge_eq>0,§Z-14（软编码，库内现算，v4-revised-2）
147260172,2026-05-01,5–29单,T-05 自我对冲/打水,OBSERVED,18,9,1,3,9,9,1.0,4,18,0,0.0,336.0991492494,-4.7263942863,0.0,0,sum_valid_bet=0 且 n_orders>=5 且 n_hedge_eq>0,§Z-14（软编码，库内现算，v4-revised-2）
147348994,2026-04-01,5–29单,T-05 自我对冲/打水,OBSERVED,6,3,1,1,3,3,1.0,0,6,0,0.0,308.5399449036,-7.7134986226,0.0,0,sum_valid_bet=0 且 n_orders>=5 且 n_hedge_eq>0,§Z-14（软编码，库内现算，v4-revised-2）
147600427,2026-05-01,5–29单,T-05 自我对冲/打水,OBSERVED,10,5,1,1,5,5,1.0,4,10,0,0.0,1050.309841403,-5.251549207,0.0,0,sum_valid_bet=0 且 n_orders>=5 且 n_hedge_eq>0,§Z-14（软编码，库内现算，v4-revised-2）
147617642,2026-03-01,5–29单,T-05 自我对冲/打水,OBSERVED,10,5,1,3,5,5,1.0,2,10,0,0.0,10344.2204419404,-148.56061273,0.0,0,sum_valid_bet=0 且 n_orders>=5 且 n_hedge_eq>0,§Z-14（软编码，库内现算，v4-revised-2）
147673121,2026-03-01,5–29单,T-05 自我对冲/打水,OBSERVED,6,3,1,1,3,3,1.0,2,6,0,0.0,263.31727098,-2.6331727098,0.0,0,sum_valid_bet=0 且 n_orders>=5 且 n_hedge_eq>0,§Z-14（软编码，库内现算，v4-revised-2）
147695204,2026-03-01,5–29单,T-05 自我对冲/打水,OBSERVED,18,9,2,1,9,9,1.0,4,18,0,0.0,850.9036144582,-9.7891566266,0.0,0,sum_valid_bet=0 且 n_orders>=5 且 n_hedge_eq>0,§Z-14（软编码，库内现算，v4-revised-2）
147699711,2026-03-01,5–29单,T-05 自我对冲/打水,OBSERVED,6,3,1,1,3,3,1.0,2,6,0,0.0,315.9807251758,-0.6582931775,0.0,0,sum_valid_bet=0 且 n_orders>=5 且 n_hedge_eq>0,§Z-14（软编码，库内现算，v4-revised-2）
147704092,2026-03-01,5–29单,T-05 自我对冲/打水,OBSERVED,14,7,1,1,7,7,1.0,5,14,0,0.0,712.6483199312,-5.3448623994,0.0,0,sum_valid_bet=0 且 n_orders>=5 且 n_hedge_eq>0,§Z-14（软编码，库内现算，v4-revised-2）
147709228,2026-03-01,5–29单,T-05 自我对冲/打水,OBSERVED,6,3,1,2,3,3,1.0,1,6,0,0.0,26.331727098,-0.3949759065,0.0,0,sum_valid_bet=0 且 n_orders>=5 且 n_hedge_eq>0,§Z-14（软编码，库内现算，v4-revised-2）
147724344,2026-04-01,5–29单,T-05 自我对冲/打水,OBSERVED,6,3,2,3,3,3,1.0,3,6,0,0.0,240.0,0.0,0.0,0,sum_valid_bet=0 且 n_orders>=5 且 n_hedge_eq>0,§Z-14（软编码，库内现算，v4-revised-2）
147725988,2026-06-01,5–29单,T-05 自我对冲/打水,OBSERVED,8,4,4,3,4,4,1.0,0,8,0,0.0,415.4290343352,-10.3857258584,0.0,0,sum_valid_bet=0 且 n_orders>=5 且 n_hedge_eq>0,§Z-14（软编码，库内现算，v4-revised-2）
147727449,2026-03-01,5–29单,T-05 自我对冲/打水,OBSERVED,8,4,1,1,4,4,1.0,2,8,0,0.0,70.1323748576,-0.8766546858,0.0,0,sum_valid_bet=0 且 n_orders>=5 且 n_hedge_eq>0,§Z-14（软编码，库内现算，v4-revised-2）
147734501,2026-03-01,5–29单,T-05 自我对冲/打水,OBSERVED,12,6,1,1,6,6,1.0,3,12,0,0.0,136.9249809096,-1.9748795325,0.0,0,sum_valid_bet=0 且 n_orders>=5 且 n_hedge_eq>0,§Z-14（软编码，库内现算，v4-revised-2）
147734761,2026-03-01,5–29单,T-05 自我对冲/打水,OBSERVED,6,3,3,3,3,3,1.0,2,6,0,0.0,60.0,-0.5,0.0,0,sum_valid_bet=0 且 n_orders>=5 且 n_hedge_eq>0,§Z-14（软编码，库内现算，v4-revised-2）
147805387,2026-03-01,5–29单,T-05 自我对冲/打水,OBSERVED,6,3,1,1,3,3,1.0,3,6,0,0.0,789.9518129394,0.0,0.0,0,sum_valid_bet=0 且 n_orders>=5 且 n_hedge_eq>0,§Z-14（软编码，库内现算，v4-revised-2）
147821285,2026-03-01,5–29单,T-05 自我对冲/打水,OBSERVED,6,3,2,3,3,3,1.0,1,6,0,0.0,1800.0,-30.0,0.0,0,sum_valid_bet=0 且 n_orders>=5 且 n_hedge_eq>0,§Z-14（软编码，库内现算，v4-revised-2）
147999950,2026-06-01,5–29单,T-05 自我对冲/打水,OBSERVED,14,7,1,4,7,7,1.0,3,14,0,0.0,514.3106950906,-6.4288836886,0.0,0,sum_valid_bet=0 且 n_orders>=5 且 n_hedge_eq>0,§Z-14（软编码，库内现算，v4-revised-2）
148109889,2026-05-01,5–29单,T-05 自我对冲/打水,OBSERVED,12,6,1,1,6,6,1.0,3,12,0,0.0,155.6420233464,-1.008790892,0.0,0,sum_valid_bet=0 且 n_orders>=5 且 n_hedge_eq>0,§Z-14（软编码，库内现算，v4-revised-2）
148109889,2026-06-01,5–29单,T-05 自我对冲/打水,OBSERVED,16,8,1,1,8,8,1.0,5,16,0,0.0,427.301731997,-3.7388901552,0.0,0,sum_valid_bet=0 且 n_orders>=5 且 n_hedge_eq>0,§Z-14（软编码，库内现算，v4-revised-2）
148124319,2026-06-01,5–29单,T-05 自我对冲/打水,OBSERVED,28,14,7,7,14,14,1.0,11,28,0,0.0,756.0808424904,-2.8041459818,0.0,0,sum_valid_bet=0 且 n_orders>=5 且 n_hedge_eq>0,§Z-14（软编码，库内现算，v4-revised-2）
148172909,2026-04-01,5–29单,T-05 自我对冲/打水,OBSERVED,6,3,1,3,3,3,1.0,1,6,0,0.0,18.9741319334,-0.3689414542,0.0,0,sum_valid_bet=0 且 n_orders>=5 且 n_hedge_eq>0,§Z-14（软编码，库内现算，v4-revised-2）
148268746,2026-04-01,5–29单,T-05 自我对冲/打水,OBSERVED,16,8,1,1,8,8,1.0,4,16,0,0.0,674.3801652894,-9.1827364555,0.0,0,sum_valid_bet=0 且 n_orders>=5 且 n_hedge_eq>0,§Z-14（软编码，库内现算，v4-revised-2）
148272021,2026-04-01,5–29单,T-05 自我对冲/打水,OBSERVED,28,14,1,5,14,14,1.0,7,28,0,0.0,329.8170300768,-4.4499123108,0.0,0,sum_valid_bet=0 且 n_orders>=5 且 n_hedge_eq>0,§Z-14（软编码，库内现算，v4-revised-2）
148305972,2026-04-01,5–29单,T-05 自我对冲/打水,OBSERVED,6,3,1,1,3,3,1.0,2,6,0,0.0,210.8236881496,-1.0541184408,0.0,0,sum_valid_bet=0 且 n_orders>=5 且 n_hedge_eq>0,§Z-14（软编码，库内现算，v4-revised-2）
148314059,2026-04-01,5–29单,T-05 自我对冲/打水,OBSERVED,26,13,2,1,13,13,1.0,5,26,0,0.0,1910.0091827362,-29.3847566576,0.0,0,sum_valid_bet=0 且 n_orders>=5 且 n_hedge_eq>0,§Z-14（软编码，库内现算，v4-revised-2）
148314059,2026-05-01,5–29单,T-05 自我对冲/打水,OBSERVED,12,6,2,1,6,6,1.0,6,12,0,0.0,244.992073786,0.0,0.0,0,sum_valid_bet=0 且 n_orders>=5 且 n_hedge_eq>0,§Z-14（软编码，库内现算，v4-revised-2）
148314059,2026-06-01,5–29单,T-05 自我对冲/打水,OBSERVED,8,4,1,1,4,4,1.0,1,8,0,0.0,156.6773017318,-2.8486782133,0.0,0,sum_valid_bet=0 且 n_orders>=5 且 n_hedge_eq>0,§Z-14（软编码，库内现算，v4-revised-2）
148360482,2026-04-01,5–29单,T-05 自我对冲/打水,OBSERVED,18,9,2,3,9,9,1.0,4,18,0,0.0,2080.0,-28.5,0.0,0,sum_valid_bet=0 且 n_orders>=5 且 n_hedge_eq>0,§Z-14（软编码，库内现算，v4-revised-2）
148596272,2026-04-01,5–29单,T-05 自我对冲/打水,OBSERVED,26,13,2,1,13,13,1.0,5,26,0,0.0,1552.984389348,-24.0587695134,0.0,0,sum_valid_bet=0 且 n_orders>=5 且 n_hedge_eq>0,§Z-14（软编码，库内现算，v4-revised-2）
148596272,2026-05-01,5–29单,T-05 自我对冲/打水,OBSERVED,20,10,1,2,10,10,1.0,5,20,0,0.0,598.068886007,-7.5659316907,0.0,0,sum_valid_bet=0 且 n_orders>=5 且 n_hedge_eq>0,§Z-14（软编码，库内现算，v4-revised-2）
148628559,2026-06-01,5–29单,T-05 自我对冲/打水,OBSERVED,6,3,1,2,3,3,1.0,3,6,0,0.0,1542.932085273,0.0,0.0,4,sum_valid_bet=0 且 n_orders>=5 且 n_hedge_eq>0,§Z-14（软编码，库内现算，v4-revised-2）
148638176,2026-05-01,5–29单,T-05 自我对冲/打水,OBSERVED,8,4,1,2,4,4,1.0,3,8,0,0.0,67.2198298496,-0.1050309841,0.0,0,sum_valid_bet=0 且 n_orders>=5 且 n_hedge_eq>0,§Z-14（软编码，库内现算，v4-revised-2）
148658039,2026-04-01,5–29单,T-05 自我对冲/打水,OBSERVED,14,7,1,1,7,7,1.0,5,14,0,0.0,88.1542699728,-0.7346189164,0.0,0,sum_valid_bet=0 且 n_orders>=5 且 n_hedge_eq>0,§Z-14（软编码，库内现算，v4-revised-2）
148844715,2026-06-01,5–29单,T-05 自我对冲/打水,OBSERVED,14,7,7,7,7,7,1.0,5,14,0,0.0,145.4001620176,-1.0385725858,0.0,0,sum_valid_bet=0 且 n_orders>=5 且 n_hedge_eq>0,§Z-14（软编码，库内现算，v4-revised-2）
148849878,2026-04-01,5–29单,T-05 自我对冲/打水,OBSERVED,16,8,1,7,8,8,1.0,3,16,0,0.0,573.4404317672,-8.9600067466,0.0,0,sum_valid_bet=0 且 n_orders>=5 且 n_hedge_eq>0,§Z-14（软编码，库内现算，v4-revised-2）
148864384,2026-04-01,5–29单,T-05 自我对冲/打水,OBSERVED,12,6,1,2,6,6,1.0,4,12,0,0.0,749.8807007976,-6.2490058399,0.0,0,sum_valid_bet=0 且 n_orders>=5 且 n_hedge_eq>0,§Z-14（软编码，库内现算，v4-revised-2）
148869022,2026-04-01,5–29单,T-05 自我对冲/打水,OBSERVED,6,3,1,1,3,3,1.0,3,6,0,0.0,78.527864304,0.0,0.0,0,sum_valid_bet=0 且 n_orders>=5 且 n_hedge_eq>0,§Z-14（软编码，库内现算，v4-revised-2）
148892244,2026-04-01,5–29单,T-05 自我对冲/打水,OBSERVED,6,3,1,1,3,3,1.0,1,6,0,0.0,57.5871004896,-0.785278643,0.0,0,sum_valid_bet=0 且 n_orders>=5 且 n_hedge_eq>0,§Z-14（软编码，库内现算，v4-revised-2）
148893613,2026-04-01,5–29单,T-05 自我对冲/打水,OBSERVED,10,5,1,4,5,5,1.0,4,10,0,0.0,497.3431405912,-0.6543988692,0.0,0,sum_valid_bet=0 且 n_orders>=5 且 n_hedge_eq>0,§Z-14（软编码，库内现算，v4-revised-2）
148901919,2026-04-01,5–29单,T-05 自我对冲/打水,OBSERVED,12,6,2,1,6,6,1.0,5,12,0,0.0,174.8393021122,-1.8365472911,0.0,0,sum_valid_bet=0 且 n_orders>=5 且 n_hedge_eq>0,§Z-14（软编码，库内现算，v4-revised-2）
148918986,2026-04-01,5–29单,T-05 自我对冲/打水,OBSERVED,24,12,2,1,12,12,1.0,3,24,0,0.0,98.4389348024,-1.7998163452,0.0,0,sum_valid_bet=0 且 n_orders>=5 且 n_hedge_eq>0,§Z-14（软编码，库内现算，v4-revised-2）
148969526,2026-04-01,5–29单,T-05 自我对冲/打水,OBSERVED,6,3,1,3,3,3,1.0,3,6,0,0.0,202.9797426216,0.0,0.0,0,sum_valid_bet=0 且 n_orders>=5 且 n_hedge_eq>0,§Z-14（软编码，库内现算，v4-revised-2）
148977674,2026-04-01,5–29单,T-05 自我对冲/打水,OBSERVED,6,3,1,3,3,3,1.0,1,6,0,0.0,178.6221735072,-4.0595948524,0.0,0,sum_valid_bet=0 且 n_orders>=5 且 n_hedge_eq>0,§Z-14（软编码，库内现算，v4-revised-2）
148995075,2026-04-01,5–29单,T-05 自我对冲/打水,OBSERVED,6,3,1,2,3,3,1.0,2,6,0,0.0,365.363536719,-3.0446961393,0.0,0,sum_valid_bet=0 且 n_orders>=5 且 n_hedge_eq>0,§Z-14（软编码，库内现算，v4-revised-2）
148996348,2026-04-01,5–29单,T-05 自我对冲/打水,OBSERVED,6,3,1,2,3,3,1.0,2,6,0,0.0,259.8140705556,-2.0297974262,0.0,0,sum_valid_bet=0 且 n_orders>=5 且 n_hedge_eq>0,§Z-14（软编码，库内现算，v4-revised-2）
149001678,2026-04-01,5–29单,T-05 自我对冲/打水,OBSERVED,12,6,1,3,6,6,1.0,3,12,0,0.0,2395.1609629356,-25.3724678276,0.0,0,sum_valid_bet=0 且 n_orders>=5 且 n_hedge_eq>0,§Z-14（软编码，库内现算，v4-revised-2）
149055947,2026-04-01,5–29单,T-05 自我对冲/打水,OBSERVED,6,3,1,1,3,3,1.0,2,6,0,0.0,16.1616161616,-0.1836547291,0.0,0,sum_valid_bet=0 且 n_orders>=5 且 n_hedge_eq>0,§Z-14（软编码，库内现算，v4-revised-2）
149098735,2026-04-01,5–29单,T-05 自我对冲/打水,OBSERVED,8,4,1,1,4,4,1.0,4,8,0,0.0,102.8466483014,0.0,0.0,0,sum_valid_bet=0 且 n_orders>=5 且 n_hedge_eq>0,§Z-14（软编码，库内现算，v4-revised-2）
149132136,2026-04-01,5–29单,T-05 自我对冲/打水,OBSERVED,8,4,1,2,4,4,1.0,2,8,0,0.0,17.6308539944,-0.220385675,0.0,0,sum_valid_bet=0 且 n_orders>=5 且 n_hedge_eq>0,§Z-14（软编码，库内现算，v4-revised-2）
149171252,2026-04-01,5–29单,T-05 自我对冲/打水,OBSERVED,6,3,1,1,3,3,1.0,1,6,0,0.0,1400.0,-20.0,0.0,0,sum_valid_bet=0 且 n_orders>=5 且 n_hedge_eq>0,§Z-14（软编码，库内现算，v4-revised-2）
149239849,2026-07-01,5–29单,T-05 自我对冲/打水,OBSERVED,28,14,1,2,14,14,1.0,6,28,0,0.0,3015.5164846516,-45.9556450571,0.0,0,sum_valid_bet=0 且 n_orders>=5 且 n_hedge_eq>0,§Z-14（软编码，库内现算，v4-revised-2）
149241182,2026-04-01,5–29单,T-05 自我对冲/打水,OBSERVED,6,3,1,1,3,3,1.0,3,6,0,0.0,379.4826386694,0.0,0.0,0,sum_valid_bet=0 且 n_orders>=5 且 n_hedge_eq>0,§Z-14（软编码，库内现算，v4-revised-2）
149408140,2026-05-01,5–29单,T-05 自我对冲/打水,OBSERVED,6,3,1,1,3,3,1.0,1,6,0,0.0,46.2136330216,-0.9452788572,0.0,0,sum_valid_bet=0 且 n_orders>=5 且 n_hedge_eq>0,§Z-14（软编码，库内现算，v4-revised-2）
149536003,2026-05-01,5–29单,T-05 自我对冲/打水,OBSERVED,8,4,2,1,4,4,1.0,2,8,0,0.0,67.2198298496,-1.0503098413,0.0,0,sum_valid_bet=0 且 n_orders>=5 且 n_hedge_eq>0,§Z-14（软编码，库内现算，v4-revised-2）
149543924,2026-05-01,5–29单,T-05 自我对冲/打水,OBSERVED,6,3,1,1,3,3,1.0,2,6,0,0.0,41.513154481,-0.3891858233,0.0,0,sum_valid_bet=0 且 n_orders>=5 且 n_hedge_eq>0,§Z-14（软编码，库内现算，v4-revised-2）
149592410,2026-06-01,5–29单,T-05 自我对冲/打水,OBSERVED,6,3,1,1,3,3,1.0,1,6,0,0.0,28.486782133,-0.534127165,0.0,0,sum_valid_bet=0 且 n_orders>=5 且 n_hedge_eq>0,§Z-14（软编码，库内现算，v4-revised-2）
149716727,2026-05-01,5–29单,T-05 自我对冲/打水,OBSERVED,6,3,1,2,3,3,1.0,2,6,0,0.0,462.1363302174,-5.251549207,0.0,0,sum_valid_bet=0 且 n_orders>=5 且 n_hedge_eq>0,§Z-14（软编码，库内现算，v4-revised-2）
149815009,2026-05-01,5–29单,T-05 自我对冲/打水,OBSERVED,6,3,1,1,3,3,1.0,1,6,0,0.0,84.676845475,-1.3027206996,0.0,0,sum_valid_bet=0 且 n_orders>=5 且 n_hedge_eq>0,§Z-14（软编码，库内现算，v4-revised-2）
149822249,2026-05-01,5–29单,T-05 自我对冲/打水,OBSERVED,6,3,1,2,3,2,0.6666667,2,6,0,0.0,77.3182502207,-0.6486430388,0.0,4,sum_valid_bet=0 且 n_orders>=5 且 n_hedge_eq>0,§Z-14（软编码，库内现算，v4-revised-2）
149911979,2026-05-01,5–29单,T-05 自我对冲/打水,OBSERVED,18,9,1,1,9,9,1.0,7,18,0,0.0,2179.4406102436,-12.9728607752,0.0,0,sum_valid_bet=0 且 n_orders>=5 且 n_hedge_eq>0,§Z-14（软编码，库内现算，v4-revised-2）
149942901,2026-05-01,5–29单,T-05 自我对冲/打水,OBSERVED,6,3,1,1,3,3,1.0,2,6,0,0.0,105.0309841404,-1.0503098414,0.0,0,sum_valid_bet=0 且 n_orders>=5 且 n_hedge_eq>0,§Z-14（软编码，库内现算，v4-revised-2）
149957059,2026-05-01,5–29单,T-05 自我对冲/打水,OBSERVED,14,7,1,2,7,7,1.0,5,14,0,0.0,23.0580775328,-0.1441129846,0.0,0,sum_valid_bet=0 且 n_orders>=5 且 n_hedge_eq>0,§Z-14（软编码，库内现算，v4-revised-2）
149958359,2026-05-01,5–29单,T-05 自我对冲/打水,OBSERVED,6,3,1,1,3,3,1.0,2,6,0,0.0,5.7645193832,-0.0360282461,0.0,0,sum_valid_bet=0 且 n_orders>=5 且 n_hedge_eq>0,§Z-14（软编码，库内现算，v4-revised-2）
149962320,2026-05-01,5–29单,T-05 自我对冲/打水,OBSERVED,16,8,1,2,8,8,1.0,5,16,0,0.0,150.4851849932,-1.8162005085,0.0,0,sum_valid_bet=0 且 n_orders>=5 且 n_hedge_eq>0,§Z-14（软编码，库内现算，v4-revised-2）
149998183,2026-05-01,5–29单,T-05 自我对冲/打水,OBSERVED,16,8,1,3,8,8,1.0,4,16,0,0.0,1470.4337779648,-24.1571263523,0.0,0,sum_valid_bet=0 且 n_orders>=5 且 n_hedge_eq>0,§Z-14（软编码，库内现算，v4-revised-2）
150138180,2026-05-01,5–29单,T-05 自我对冲/打水,OBSERVED,6,3,1,1,3,3,1.0,2,6,0,0.0,236.7797947908,-1.9731649566,0.0,0,sum_valid_bet=0 且 n_orders>=5 且 n_hedge_eq>0,§Z-14（软编码，库内现算，v4-revised-2）
150146738,2026-05-01,5–29单,T-05 自我对冲/打水,OBSERVED,6,3,2,2,3,3,1.0,2,6,0,0.0,294.086755593,-1.0503098414,0.0,0,sum_valid_bet=0 且 n_orders>=5 且 n_hedge_eq>0,§Z-14（软编码，库内现算，v4-revised-2）
150147606,2026-05-01,5–29单,T-05 自我对冲/打水,OBSERVED,6,3,3,2,3,3,1.0,2,6,0,0.0,1050.309841403,-10.503098414,0.0,0,sum_valid_bet=0 且 n_orders>=5 且 n_hedge_eq>0,§Z-14（软编码，库内现算，v4-revised-2）
150148201,2026-05-01,5–29单,T-05 自我对冲/打水,OBSERVED,6,3,3,3,3,3,1.0,1,6,0,0.0,1260.3718096836,-21.006196828,0.0,0,sum_valid_bet=0 且 n_orders>=5 且 n_hedge_eq>0,§Z-14（软编码，库内现算，v4-revised-2）
150148761,2026-05-01,5–29单,T-05 自我对冲/打水,OBSERVED,6,3,3,3,3,3,1.0,2,6,0,0.0,1260.3718096836,-10.503098414,0.0,0,sum_valid_bet=0 且 n_orders>=5 且 n_hedge_eq>0,§Z-14（软编码，库内现算，v4-revised-2）
150148826,2026-05-01,5–29单,T-05 自我对冲/打水,OBSERVED,6,3,3,3,3,3,1.0,0,6,0,0.0,1260.3718096836,-31.509295242,0.0,0,sum_valid_bet=0 且 n_orders>=5 且 n_hedge_eq>0,§Z-14（软编码，库内现算，v4-revised-2）
150152798,2026-05-01,5–29单,T-05 自我对冲/打水,OBSERVED,6,3,3,3,3,3,1.0,2,6,0,0.0,1260.3718096836,-10.503098414,0.0,0,sum_valid_bet=0 且 n_orders>=5 且 n_hedge_eq>0,§Z-14（软编码，库内现算，v4-revised-2）
150156109,2026-05-01,5–29单,T-05 自我对冲/打水,OBSERVED,6,3,3,3,3,3,1.0,3,6,0,0.0,1260.3718096836,0.0,0.0,0,sum_valid_bet=0 且 n_orders>=5 且 n_hedge_eq>0,§Z-14（软编码，库内现算，v4-revised-2）
150165793,2026-05-01,5–29单,T-05 自我对冲/打水,OBSERVED,6,3,3,3,3,3,1.0,1,6,0,0.0,1260.3718096836,-21.006196828,0.0,0,sum_valid_bet=0 且 n_orders>=5 且 n_hedge_eq>0,§Z-14（软编码，库内现算，v4-revised-2）
150170145,2026-05-01,5–29单,T-05 自我对冲/打水,OBSERVED,6,3,2,3,3,3,1.0,1,6,0,0.0,1260.3718096836,-21.006196828,0.0,0,sum_valid_bet=0 且 n_orders>=5 且 n_hedge_eq>0,§Z-14（软编码，库内现算，v4-revised-2）
150174056,2026-05-01,5–29单,T-05 自我对冲/打水,OBSERVED,8,4,3,4,4,4,1.0,3,8,0,0.0,1344.3965969958,-5.251549207,0.0,0,sum_valid_bet=0 且 n_orders>=5 且 n_hedge_eq>0,§Z-14（软编码，库内现算，v4-revised-2）
150180223,2026-05-01,5–29单,T-05 自我对冲/打水,OBSERVED,6,3,3,3,3,3,1.0,0,6,0,0.0,1260.3718096836,-31.509295242,0.0,0,sum_valid_bet=0 且 n_orders>=5 且 n_hedge_eq>0,§Z-14（软编码，库内现算，v4-revised-2）
150180509,2026-05-01,5–29单,T-05 自我对冲/打水,OBSERVED,8,4,2,4,4,4,1.0,1,8,0,0.0,1680.4957462448,-31.509295242,0.0,0,sum_valid_bet=0 且 n_orders>=5 且 n_hedge_eq>0,§Z-14（软编码，库内现算，v4-revised-2）
150181988,2026-05-01,5–29单,T-05 自我对冲/打水,OBSERVED,8,4,2,4,4,4,1.0,3,8,0,0.0,1680.4957462448,-10.503098414,0.0,0,sum_valid_bet=0 且 n_orders>=5 且 n_hedge_eq>0,§Z-14（软编码，库内现算，v4-revised-2）
150182255,2026-05-01,5–29单,T-05 自我对冲/打水,OBSERVED,6,3,3,3,3,3,1.0,1,6,0,0.0,1260.3718096836,-21.006196828,0.0,0,sum_valid_bet=0 且 n_orders>=5 且 n_hedge_eq>0,§Z-14（软编码，库内现算，v4-revised-2）
150193337,2026-05-01,5–29单,T-05 自我对冲/打水,OBSERVED,8,4,1,2,4,4,1.0,4,8,0,0.0,166.0526179236,0.0,0.0,0,sum_valid_bet=0 且 n_orders>=5 且 n_hedge_eq>0,§Z-14（软编码，库内现算，v4-revised-2）
150216462,2026-05-01,5–29单,T-05 自我对冲/打水,OBSERVED,6,3,1,3,3,3,1.0,1,6,0,0.0,1134.3346287152,-17.8552673038,0.0,0,sum_valid_bet=0 且 n_orders>=5 且 n_hedge_eq>0,§Z-14（软编码，库内现算，v4-revised-2）
150225726,2026-05-01,5–29单,T-05 自我对冲/打水,OBSERVED,10,5,2,4,5,5,1.0,3,10,0,0.0,2352.694044743,-31.5092952421,0.0,0,sum_valid_bet=0 且 n_orders>=5 且 n_hedge_eq>0,§Z-14（软编码，库内现算，v4-revised-2）
150364800,2026-05-01,5–29单,T-05 自我对冲/打水,OBSERVED,8,4,1,1,4,4,1.0,2,8,0,0.0,20.7565772408,-0.2594572156,0.0,0,sum_valid_bet=0 且 n_orders>=5 且 n_hedge_eq>0,§Z-14（软编码，库内现算，v4-revised-2）
150371534,2026-05-01,5–29单,T-05 自我对冲/打水,OBSERVED,14,7,1,1,7,7,1.0,5,14,0,0.0,394.633567539,-3.1570685402,0.0,0,sum_valid_bet=0 且 n_orders>=5 且 n_hedge_eq>0,§Z-14（软编码，库内现算，v4-revised-2）
150503297,2026-05-01,5–29单,T-05 自我对冲/打水,OBSERVED,12,6,1,1,6,6,1.0,2,12,0,0.0,2200.0,-35.0,0.0,0,sum_valid_bet=0 且 n_orders>=5 且 n_hedge_eq>0,§Z-14（软编码，库内现算，v4-revised-2）
150506762,2026-05-01,5–29单,T-05 自我对冲/打水,OBSERVED,8,4,3,4,4,4,1.0,3,8,0,0.0,84.024787312,-0.5251549207,0.0,0,sum_valid_bet=0 且 n_orders>=5 且 n_hedge_eq>0,§Z-14（软编码，库内现算，v4-revised-2）
150540897,2026-05-01,5–29单,T-05 自我对冲/打水,OBSERVED,12,6,2,1,6,6,1.0,2,12,0,0.0,648.50843061,-10.8084738436,0.0,0,sum_valid_bet=0 且 n_orders>=5 且 n_hedge_eq>0,§Z-14（软编码，库内现算，v4-revised-2）
150540897,2026-06-01,5–29单,T-05 自我对冲/打水,OBSERVED,6,3,2,1,3,3,1.0,1,6,0,0.0,92.5820419326,-1.4243391067,0.0,0,sum_valid_bet=0 且 n_orders>=5 且 n_hedge_eq>0,§Z-14（软编码，库内现算，v4-revised-2）
150547205,2026-05-01,5–29单,T-05 自我对冲/打水,OBSERVED,10,5,1,2,5,5,1.0,4,10,0,0.0,63.018590484,-0.3150929524,0.0,0,sum_valid_bet=0 且 n_orders>=5 且 n_hedge_eq>0,§Z-14（软编码，库内现算，v4-revised-2）
150592093,2026-05-01,5–29单,T-05 自我对冲/打水,OBSERVED,24,12,1,2,12,12,1.0,10,24,0,0.0,172.935581496,-0.720564923,0.0,6,sum_valid_bet=0 且 n_orders>=5 且 n_hedge_eq>0,§Z-14（软编码，库内现算，v4-revised-2）
150652045,2026-05-01,5–29单,T-05 自我对冲/打水,OBSERVED,6,3,1,1,3,3,1.0,2,6,0,0.0,236.7797947908,-1.9731649566,0.0,0,sum_valid_bet=0 且 n_orders>=5 且 n_hedge_eq>0,§Z-14（软编码，库内现算，v4-revised-2）
150660494,2026-05-01,5–29单,T-05 自我对冲/打水,OBSERVED,16,8,1,3,8,8,1.0,4,16,0,0.0,165.7458563534,-1.7758484611,0.0,0,sum_valid_bet=0 且 n_orders>=5 且 n_hedge_eq>0,§Z-14（软编码，库内现算，v4-revised-2）
150662375,2026-05-01,5–29单,T-05 自我对冲/打水,OBSERVED,24,12,1,1,12,12,1.0,10,24,0,0.0,220.9944751388,-0.7892659828,0.0,0,sum_valid_bet=0 且 n_orders>=5 且 n_hedge_eq>0,§Z-14（软编码，库内现算，v4-revised-2）
150664678,2026-05-01,5–29单,T-05 自我对冲/打水,OBSERVED,20,10,1,2,10,10,1.0,7,20,0,0.0,347.2770323598,-2.9597474349,0.0,0,sum_valid_bet=0 且 n_orders>=5 且 n_hedge_eq>0,§Z-14（软编码，库内现算，v4-revised-2）
150671035,2026-05-01,5–29单,T-05 自我对冲/打水,OBSERVED,8,4,1,1,4,4,1.0,1,8,0,0.0,140.106896373,-2.3351149396,0.0,0,sum_valid_bet=0 且 n_orders>=5 且 n_hedge_eq>0,§Z-14（软编码，库内现算，v4-revised-2）
150726017,2026-05-01,5–29单,T-05 自我对冲/打水,OBSERVED,6,3,1,2,3,3,1.0,2,6,0,0.0,315.0929524212,-2.6257746035,0.0,0,sum_valid_bet=0 且 n_orders>=5 且 n_hedge_eq>0,§Z-14（软编码，库内现算，v4-revised-2）
150744148,2026-05-01,5–29单,T-05 自我对冲/打水,OBSERVED,8,4,1,1,4,4,1.0,3,8,0,0.0,130.238420334,-1.1553408256,0.0,0,sum_valid_bet=0 且 n_orders>=5 且 n_hedge_eq>0,§Z-14（软编码，库内现算，v4-revised-2）
150780639,2026-05-01,5–29单,T-05 自我对冲/打水,OBSERVED,6,3,1,2,3,3,1.0,3,6,0,0.0,66.8963441148,0.0,0.0,4,sum_valid_bet=0 且 n_orders>=5 且 n_hedge_eq>0,§Z-14（软编码，库内现算，v4-revised-2）
150793572,2026-05-01,5–29单,T-05 自我对冲/打水,OBSERVED,6,3,1,2,3,3,1.0,1,6,0,0.0,985.9374189196,-18.1620050854,0.0,0,sum_valid_bet=0 且 n_orders>=5 且 n_hedge_eq>0,§Z-14（软编码，库内现算，v4-revised-2）
150840099,2026-06-01,5–29单,T-05 自我对冲/打水,OBSERVED,6,3,1,2,3,3,1.0,0,6,0,0.0,797.6237459236,-19.940593648,0.0,0,sum_valid_bet=0 且 n_orders>=5 且 n_hedge_eq>0,§Z-14（软编码，库内现算，v4-revised-2）
150905424,2026-06-01,5–29单,T-05 自我对冲/打水,OBSERVED,6,3,1,1,3,3,1.0,1,6,0,0.0,24.9257420604,-0.4154290344,0.0,0,sum_valid_bet=0 且 n_orders>=5 且 n_hedge_eq>0,§Z-14（软编码，库内现算，v4-revised-2）
150946803,2026-06-01,5–29单,T-05 自我对冲/打水,OBSERVED,6,3,1,1,3,3,1.0,2,6,0,0.0,21.3650865996,-0.1780423883,0.0,0,sum_valid_bet=0 且 n_orders>=5 且 n_hedge_eq>0,§Z-14（软编码，库内现算，v4-revised-2）
150993247,2026-06-01,5–29单,T-05 自我对冲/打水,OBSERVED,8,4,4,3,4,4,1.0,2,8,0,0.0,83.0858068672,-1.0385725858,0.0,0,sum_valid_bet=0 且 n_orders>=5 且 n_hedge_eq>0,§Z-14（软编码，库内现算，v4-revised-2）
151031312,2026-08-01,5–29单,T-05 自我对冲/打水,OBSERVED,12,6,1,1,6,6,1.0,2,12,0,0.0,42.4625444976,-0.7077090752,0.0,0,sum_valid_bet=0 且 n_orders>=5 且 n_hedge_eq>0,§Z-14（软编码，库内现算，v4-revised-2）
151064683,2026-06-01,5–29单,T-05 自我对冲/打水,OBSERVED,12,6,1,2,6,6,1.0,3,12,0,0.0,14.5400162014,-0.1557858879,0.0,0,sum_valid_bet=0 且 n_orders>=5 且 n_hedge_eq>0,§Z-14（软编码，库内现算，v4-revised-2）
151080334,2026-06-01,5–29单,T-05 自我对冲/打水,OBSERVED,26,13,1,3,13,13,1.0,7,26,0,0.0,432.7689621126,-4.9350846553,0.0,0,sum_valid_bet=0 且 n_orders>=5 且 n_hedge_eq>0,§Z-14（软编码，库内现算，v4-revised-2）
151096802,2026-06-01,5–29单,T-05 自我对冲/打水,OBSERVED,10,5,1,2,5,5,1.0,1,10,0,0.0,207.714517168,-4.1542903436,0.0,0,sum_valid_bet=0 且 n_orders>=5 且 n_hedge_eq>0,§Z-14（软编码，库内现算，v4-revised-2）
151171007,2026-06-01,5–29单,T-05 自我对冲/打水,OBSERVED,28,14,14,11,14,14,1.0,6,28,0,0.0,290.8003240352,-4.1542903432,0.0,0,sum_valid_bet=0 且 n_orders>=5 且 n_hedge_eq>0,§Z-14（软编码，库内现算，v4-revised-2）
151171374,2026-06-01,5–29单,T-05 自我对冲/打水,OBSERVED,24,12,12,8,12,12,1.0,9,24,0,0.0,249.2574206016,-1.5578588787,0.0,0,sum_valid_bet=0 且 n_orders>=5 且 n_hedge_eq>0,§Z-14（软编码，库内现算，v4-revised-2）
151177532,2026-06-01,5–29单,T-05 自我对冲/打水,OBSERVED,18,9,1,1,9,9,1.0,6,18,0,0.0,204.9958241586,-1.7082985347,0.0,0,sum_valid_bet=0 且 n_orders>=5 且 n_hedge_eq>0,§Z-14（软编码，库内现算，v4-revised-2）
151181843,2026-07-01,5–29单,T-05 自我对冲/打水,OBSERVED,17,9,4,3,8,8,0.8888889,7,17,0,0.0,419.0001226342,-2.5548787965,0.0,0,sum_valid_bet=0 且 n_orders>=5 且 n_hedge_eq>0,§Z-14（软编码，库内现算，v4-revised-2）
151182422,2026-08-01,5–29单,T-05 自我对冲/打水,OBSERVED,22,11,5,5,11,11,1.0,6,22,0,0.0,505.09132051,-6.061095846,0.0,0,sum_valid_bet=0 且 n_orders>=5 且 n_hedge_eq>0,§Z-14（软编码，库内现算，v4-revised-2）
151183144,2026-08-01,5–29单,T-05 自我对冲/打水,OBSERVED,8,4,4,3,4,4,1.0,1,8,0,0.0,161.6292225632,-3.030547923,0.0,0,sum_valid_bet=0 且 n_orders>=5 且 n_hedge_eq>0,§Z-14（软编码，库内现算，v4-revised-2）
151191910,2026-08-01,5–29单,T-05 自我对冲/打水,OBSERVED,10,5,5,5,5,5,1.0,3,10,0,0.0,101.018264102,-1.010182641,0.0,0,sum_valid_bet=0 且 n_orders>=5 且 n_hedge_eq>0,§Z-14（软编码，库内现算，v4-revised-2）
151212512,2026-08-01,5–29单,T-05 自我对冲/打水,OBSERVED,20,10,5,6,10,10,1.0,4,20,0,0.0,525.294973331,-7.8794246001,0.0,0,sum_valid_bet=0 且 n_orders>=5 且 n_hedge_eq>0,§Z-14（软编码，库内现算，v4-revised-2）
151212848,2026-08-01,5–29单,T-05 自我对冲/打水,OBSERVED,20,10,5,7,10,10,1.0,7,20,0,0.0,468.7247454338,-2.7274931308,0.0,0,sum_valid_bet=0 且 n_orders>=5 且 n_hedge_eq>0,§Z-14（软编码，库内现算，v4-revised-2）
151225893,2026-06-01,5–29单,T-05 自我对冲/打水,OBSERVED,14,7,1,3,7,7,1.0,3,14,0,0.0,235.365575886,-3.4165970691,0.0,0,sum_valid_bet=0 且 n_orders>=5 且 n_hedge_eq>0,§Z-14（软编码，库内现算，v4-revised-2）
151247925,2026-08-01,5–29单,T-05 自我对冲/打水,OBSERVED,10,5,5,3,5,5,1.0,2,10,0,0.0,101.018264102,-1.5152739615,0.0,0,sum_valid_bet=0 且 n_orders>=5 且 n_hedge_eq>0,§Z-14（软编码，库内现算，v4-revised-2）
151270128,2026-08-01,5–29单,T-05 自我对冲/打水,OBSERVED,8,4,4,4,4,4,1.0,2,8,0,0.0,141.4255697428,-2.020365282,0.0,0,sum_valid_bet=0 且 n_orders>=5 且 n_hedge_eq>0,§Z-14（软编码，库内现算，v4-revised-2）
151282933,2026-06-01,5–29单,T-05 自我对冲/打水,OBSERVED,6,3,1,1,3,3,1.0,2,6,0,0.0,103.857258584,-1.0385725859,0.0,0,sum_valid_bet=0 且 n_orders>=5 且 n_hedge_eq>0,§Z-14（软编码，库内现算，v4-revised-2）
151282933,2026-07-01,5–29单,T-05 自我对冲/打水,OBSERVED,6,3,1,2,3,3,1.0,1,6,0,0.0,102.195151862,-1.5329272779,0.0,0,sum_valid_bet=0 且 n_orders>=5 且 n_hedge_eq>0,§Z-14（软编码，库内现算，v4-revised-2）
151300080,2026-06-01,5–29单,T-05 自我对冲/打水,OBSERVED,6,3,1,2,3,3,1.0,1,6,0,0.0,60.0,-1.0,0.0,0,sum_valid_bet=0 且 n_orders>=5 且 n_hedge_eq>0,§Z-14（软编码，库内现算，v4-revised-2）
151313424,2026-07-01,5–29单,T-05 自我对冲/打水,OBSERVED,6,3,1,1,3,3,1.0,3,6,0,0.0,12.2634182232,0.0,0.0,0,sum_valid_bet=0 且 n_orders>=5 且 n_hedge_eq>0,§Z-14（软编码，库内现算，v4-revised-2）
151375224,2026-06-01,5–29单,T-05 自我对冲/打水,OBSERVED,8,4,1,1,4,4,1.0,2,8,0,0.0,200.0,-2.0,0.0,0,sum_valid_bet=0 且 n_orders>=5 且 n_hedge_eq>0,§Z-14（软编码，库内现算，v4-revised-2）
151511426,2026-06-01,5–29单,T-05 自我对冲/打水,OBSERVED,14,7,2,3,7,7,1.0,4,14,0,0.0,3600.174865637,-38.5733021319,0.0,0,sum_valid_bet=0 且 n_orders>=5 且 n_hedge_eq>0,§Z-14（软编码，库内现算，v4-revised-2）
151517625,2026-06-01,5–29单,T-05 自我对冲/打水,OBSERVED,8,4,1,2,4,4,1.0,2,8,0,0.0,286.2921604376,-5.34127165,0.0,0,sum_valid_bet=0 且 n_orders>=5 且 n_hedge_eq>0,§Z-14（软编码，库内现算，v4-revised-2）
151543894,2026-06-01,5–29单,T-05 自我对冲/打水,OBSERVED,6,3,1,2,3,3,1.0,3,6,0,0.0,145.4001620174,0.0,0.0,6,sum_valid_bet=0 且 n_orders>=5 且 n_hedge_eq>0,§Z-14（软编码，库内现算，v4-revised-2）
151732853,2026-06-01,5–29单,T-05 自我对冲/打水,OBSERVED,8,4,1,1,4,4,1.0,2,8,0,0.0,145.4001620176,-1.5578588788,0.0,0,sum_valid_bet=0 且 n_orders>=5 且 n_hedge_eq>0,§Z-14（软编码，库内现算，v4-revised-2）
151822098,2026-06-01,5–29单,T-05 自我对冲/打水,OBSERVED,12,6,1,2,6,6,1.0,3,12,0,0.0,89.7333637192,-1.495556062,0.0,0,sum_valid_bet=0 且 n_orders>=5 且 n_hedge_eq>0,§Z-14（软编码，库内现算，v4-revised-2）
151829295,2026-06-01,5–29单,T-05 自我对冲/打水,OBSERVED,6,3,1,1,3,3,1.0,1,6,0,0.0,124.6287103008,-2.0771451718,0.0,0,sum_valid_bet=0 且 n_orders>=5 且 n_hedge_eq>0,§Z-14（软编码，库内现算，v4-revised-2）
151922771,2026-07-01,5–29单,T-05 自我对冲/打水,OBSERVED,6,3,2,2,3,3,1.0,3,6,0,0.0,114.4585700852,0.0,0.0,6,sum_valid_bet=0 且 n_orders>=5 且 n_hedge_eq>0,§Z-14（软编码，库内现算，v4-revised-2）
151965373,2026-07-01,5–29单,T-05 自我对冲/打水,OBSERVED,8,4,1,2,4,4,1.0,2,8,0,0.0,1239.2533498566,-18.0724446854,0.0,0,sum_valid_bet=0 且 n_orders>=5 且 n_hedge_eq>0,§Z-14（软编码，库内现算，v4-revised-2）
151980849,2026-08-01,5–29单,T-05 自我对冲/打水,OBSERVED,8,4,1,1,4,4,1.0,2,8,0,0.0,161.6292225632,-2.020365282,0.0,0,sum_valid_bet=0 且 n_orders>=5 且 n_hedge_eq>0,§Z-14（软编码，库内现算，v4-revised-2）
151982709,2026-06-01,5–29单,T-05 自我对冲/打水,OBSERVED,6,3,2,1,3,3,1.0,1,6,0,0.0,623.1435515028,-10.3857258584,0.0,0,sum_valid_bet=0 且 n_orders>=5 且 n_hedge_eq>0,§Z-14（软编码，库内现算，v4-revised-2）
151991691,2026-06-01,5–29单,T-05 自我对冲/打水,OBSERVED,16,8,4,3,8,8,1.0,4,16,0,0.0,581.8673883626,-4.059539919,0.0,0,sum_valid_bet=0 且 n_orders>=5 且 n_hedge_eq>0,§Z-14（软编码，库内现算，v4-revised-2）
152011021,2026-06-01,5–29单,T-05 自我对冲/打水,OBSERVED,6,3,1,1,3,3,1.0,0,6,0,0.0,318.8823931364,-7.9720598284,0.0,0,sum_valid_bet=0 且 n_orders>=5 且 n_hedge_eq>0,§Z-14（软编码，库内现算，v4-revised-2）
152028797,2026-06-01,5–29单,T-05 自我对冲/打水,OBSERVED,6,3,1,1,3,3,1.0,2,6,0,0.0,385.7330213184,-3.2144418444,0.0,0,sum_valid_bet=0 且 n_orders>=5 且 n_hedge_eq>0,§Z-14（软编码，库内现算，v4-revised-2）
152036920,2026-06-01,5–29单,T-05 自我对冲/打水,OBSERVED,16,8,2,4,8,8,1.0,5,16,0,0.0,162.3815967526,-1.0148849799,0.0,0,sum_valid_bet=0 且 n_orders>=5 且 n_hedge_eq>0,§Z-14（软编码，库内现算，v4-revised-2）
152036920,2026-07-01,5–29单,T-05 自我对冲/打水,OBSERVED,6,3,1,2,3,3,1.0,2,6,0,0.0,54.347826087,-0.3396739131,0.0,0,sum_valid_bet=0 且 n_orders>=5 且 n_hedge_eq>0,§Z-14（软编码，库内现算，v4-revised-2）
152091305,2026-06-01,5–29单,T-05 自我对冲/打水,OBSERVED,10,5,1,2,5,5,1.0,3,10,0,0.0,205.7242780362,-2.5715534754,0.0,0,sum_valid_bet=0 且 n_orders>=5 且 n_hedge_eq>0,§Z-14（软编码，库内现算，v4-revised-2）
152153266,2026-06-01,5–29单,T-05 自我对冲/打水,OBSERVED,8,4,1,2,4,4,1.0,1,8,0,0.0,390.8761282694,-6.5574613626,0.0,0,sum_valid_bet=0 且 n_orders>=5 且 n_hedge_eq>0,§Z-14（软编码，库内现算，v4-revised-2）
152173853,2026-06-01,5–29单,T-05 自我对冲/打水,OBSERVED,6,3,1,1,3,3,1.0,1,6,0,0.0,771.4660426362,-12.8577673772,0.0,0,sum_valid_bet=0 且 n_orders>=5 且 n_hedge_eq>0,§Z-14（软编码，库内现算，v4-revised-2）
152175736,2026-06-01,5–29单,T-05 自我对冲/打水,OBSERVED,10,5,1,5,5,5,1.0,3,10,0,0.0,540.0262298454,-7.0717720575,0.0,0,sum_valid_bet=0 且 n_orders>=5 且 n_hedge_eq>0,§Z-14（软编码，库内现算，v4-revised-2）
152276426,2026-06-01,5–29单,T-05 自我对冲/打水,OBSERVED,12,6,1,3,6,6,1.0,1,12,0,0.0,811.9079837616,-16.9147496615,0.0,0,sum_valid_bet=0 且 n_orders>=5 且 n_hedge_eq>0,§Z-14（软编码，库内现算，v4-revised-2）
152297724,2026-06-01,5–29单,T-05 自我对冲/打水,OBSERVED,8,4,1,1,4,4,1.0,1,8,0,0.0,3125.0000000002,-61.1413043479,0.0,0,sum_valid_bet=0 且 n_orders>=5 且 n_hedge_eq>0,§Z-14（软编码，库内现算，v4-revised-2）
152322804,2026-07-01,5–29单,T-05 自我对冲/打水,OBSERVED,14,7,1,2,7,7,1.0,6,14,0,0.0,1086.9565217392,-3.3967391304,0.0,0,sum_valid_bet=0 且 n_orders>=5 且 n_hedge_eq>0,§Z-14（软编码，库内现算，v4-revised-2）
152360270,2026-07-01,5–29单,T-05 自我对冲/打水,OBSERVED,16,8,6,6,8,8,1.0,7,16,0,0.0,282.058619139,-0.5109757593,0.0,10,sum_valid_bet=0 且 n_orders>=5 且 n_hedge_eq>0,§Z-14（软编码，库内现算，v4-revised-2）
152361949,2026-07-01,5–29单,T-05 自我对冲/打水,OBSERVED,6,3,1,1,3,3,1.0,1,6,0,0.0,1436.0197949808,-33.1389183458,0.0,0,sum_valid_bet=0 且 n_orders>=5 且 n_hedge_eq>0,§Z-14（软编码，库内现算，v4-revised-2）
152486928,2026-07-01,5–29单,T-05 自我对冲/打水,OBSERVED,10,5,1,2,5,5,1.0,4,10,0,0.0,1200.0,-10.0,0.0,0,sum_valid_bet=0 且 n_orders>=5 且 n_hedge_eq>0,§Z-14（软编码，库内现算，v4-revised-2）
152535912,2026-07-01,5–29单,T-05 自我对冲/打水,OBSERVED,6,3,3,2,3,3,1.0,2,6,0,0.0,1058.5289030024,-12.908889061,0.0,0,sum_valid_bet=0 且 n_orders>=5 且 n_hedge_eq>0,§Z-14（软编码，库内现算，v4-revised-2）
152535912,2026-08-01,5–29单,T-05 自我对冲/打水,OBSERVED,6,3,2,2,3,3,1.0,3,6,0,0.0,775.6915727018,0.0,0.0,0,sum_valid_bet=0 且 n_orders>=5 且 n_hedge_eq>0,§Z-14（软编码，库内现算，v4-revised-2）
152565834,2026-07-01,5–29单,T-05 自我对冲/打水,OBSERVED,12,6,1,1,6,6,1.0,3,12,0,0.0,591.2674348092,-7.3908429351,0.0,0,sum_valid_bet=0 且 n_orders>=5 且 n_hedge_eq>0,§Z-14（软编码，库内现算，v4-revised-2）
152623827,2026-07-01,5–29单,T-05 自我对冲/打水,OBSERVED,10,5,3,2,5,5,1.0,5,10,0,0.0,134.8976004576,0.0,0.0,10,sum_valid_bet=0 且 n_orders>=5 且 n_hedge_eq>0,§Z-14（软编码，库内现算，v4-revised-2）
152624236,2026-07-01,5–29单,T-05 自我对冲/打水,OBSERVED,12,6,4,4,6,6,1.0,4,12,0,0.0,322.9366798836,-2.6570739484,0.0,4,sum_valid_bet=0 且 n_orders>=5 且 n_hedge_eq>0,§Z-14（软编码，库内现算，v4-revised-2）
152754721,2026-07-01,5–29单,T-05 自我对冲/打水,OBSERVED,6,3,1,2,3,3,1.0,0,6,0,0.0,36.1448893708,-0.9036222342,0.0,0,sum_valid_bet=0 且 n_orders>=5 且 n_hedge_eq>0,§Z-14（软编码，库内现算，v4-revised-2）
152806976,2026-07-01,5–29单,T-05 自我对冲/打水,OBSERVED,6,3,1,1,3,3,1.0,2,6,0,0.0,204.6694966646,-2.2741055185,0.0,0,sum_valid_bet=0 且 n_orders>=5 且 n_hedge_eq>0,§Z-14（软编码，库内现算，v4-revised-2）
152852773,2026-07-01,5–29单,T-05 自我对冲/打水,OBSERVED,5,3,1,2,2,2,0.6666667,2,5,0,0.0,7.1864377545,-0.0718643775,0.0,0,sum_valid_bet=0 且 n_orders>=5 且 n_hedge_eq>0,§Z-14（软编码，库内现算，v4-revised-2）
152981679,2026-07-01,5–29单,T-05 自我对冲/打水,OBSERVED,10,5,1,2,5,5,1.0,3,10,0,0.0,240.0,-3.0,0.0,0,sum_valid_bet=0 且 n_orders>=5 且 n_hedge_eq>0,§Z-14（软编码，库内现算，v4-revised-2）
152989784,2026-07-01,5–29单,T-05 自我对冲/打水,OBSERVED,6,3,1,3,3,3,1.0,2,6,0,0.0,154.906668732,-1.2908889061,0.0,0,sum_valid_bet=0 且 n_orders>=5 且 n_hedge_eq>0,§Z-14（软编码，库内现算，v4-revised-2）
153039363,2026-07-01,5–29单,T-05 自我对冲/打水,OBSERVED,6,3,2,3,3,3,1.0,2,6,0,0.0,122.6341822344,-1.0219515186,0.0,0,sum_valid_bet=0 且 n_orders>=5 且 n_hedge_eq>0,§Z-14（软编码，库内现算，v4-revised-2）
153092837,2026-07-01,5–29单,T-05 自我对冲/打水,OBSERVED,18,9,1,3,9,9,1.0,7,18,0,0.0,1058.528903002,-6.4544445304,0.0,0,sum_valid_bet=0 且 n_orders>=5 且 n_hedge_eq>0,§Z-14（软编码，库内现算，v4-revised-2）
153120848,2026-07-01,5–29单,T-05 自我对冲/打水,OBSERVED,22,11,1,1,11,11,1.0,5,22,0,0.0,674.6513038204,-9.6649484535,0.0,0,sum_valid_bet=0 且 n_orders>=5 且 n_hedge_eq>0,§Z-14（软编码，库内现算，v4-revised-2）
153139554,2026-07-01,5–29单,T-05 自我对冲/打水,OBSERVED,14,7,1,2,7,7,1.0,1,14,0,0.0,77.3241428064,-1.6569459174,0.0,0,sum_valid_bet=0 且 n_orders>=5 且 n_hedge_eq>0,§Z-14（软编码，库内现算，v4-revised-2）
153163544,2026-07-01,5–29单,T-05 自我对冲/打水,OBSERVED,6,3,1,2,3,3,1.0,1,6,0,0.0,103.271112488,-1.9363333591,0.0,0,sum_valid_bet=0 且 n_orders>=5 且 n_hedge_eq>0,§Z-14（软编码，库内现算，v4-revised-2）
153280709,2026-07-01,5–29单,T-05 自我对冲/打水,OBSERVED,6,3,1,1,3,3,1.0,0,6,0,0.0,662.7783669144,-16.5694591731,0.0,0,sum_valid_bet=0 且 n_orders>=5 且 n_hedge_eq>0,§Z-14（软编码，库内现算，v4-revised-2）
153334784,2026-07-01,5–29单,T-05 自我对冲/打水,OBSERVED,8,4,1,1,4,4,1.0,4,8,0,0.0,61.9626674928,0.0,0.0,0,sum_valid_bet=0 且 n_orders>=5 且 n_hedge_eq>0,§Z-14（软编码，库内现算，v4-revised-2）
153510580,2026-07-01,5–29单,T-05 自我对冲/打水,OBSERVED,6,3,1,1,3,3,1.0,3,6,0,0.0,122.6341822344,0.0,0.0,6,sum_valid_bet=0 且 n_orders>=5 且 n_hedge_eq>0,§Z-14（软编码，库内现算，v4-revised-2）
153537503,2026-07-01,5–29单,T-05 自我对冲/打水,OBSERVED,8,4,1,2,4,4,1.0,3,8,0,0.0,265.7073948412,-2.0439030372,0.0,0,sum_valid_bet=0 且 n_orders>=5 且 n_hedge_eq>0,§Z-14（软编码，库内现算，v4-revised-2）
153549815,2026-07-01,5–29单,T-05 自我对冲/打水,OBSERVED,22,11,1,1,11,11,1.0,10,22,0,0.0,301.8303856954,-0.3593218878,0.0,20,sum_valid_bet=0 且 n_orders>=5 且 n_hedge_eq>0,§Z-14（软编码，库内现算，v4-revised-2）
153677914,2026-07-01,5–29单,T-05 自我对冲/打水,OBSERVED,8,4,1,2,4,4,1.0,1,8,0,0.0,5.727280803,-0.1072498314,0.0,0,sum_valid_bet=0 且 n_orders>=5 且 n_hedge_eq>0,§Z-14（软编码，库内现算，v4-revised-2）
153794743,2026-08-01,5–29单,T-05 自我对冲/打水,OBSERVED,18,9,1,4,9,9,1.0,4,18,0,0.0,4114.761256518,-64.212878535,0.0,0,sum_valid_bet=0 且 n_orders>=5 且 n_hedge_eq>0,§Z-14（软编码，库内现算，v4-revised-2）
70820399,2026-04-01,≥30单,T-05 自我对冲/打水,OBSERVED,68,34,4,18,34,34,1.0,19,68,0,0.0,1340.0,-15.0,0.0,0,sum_valid_bet=0 且 n_orders>=5 且 n_hedge_eq>0,§Z-14（软编码，库内现算，v4-revised-2）
70820399,2026-06-01,≥30单,T-05 自我对冲/打水,OBSERVED,98,49,7,19,49,49,1.0,29,98,0,0.0,980.0,-10.0,0.0,0,sum_valid_bet=0 且 n_orders>=5 且 n_hedge_eq>0,§Z-14（软编码，库内现算，v4-revised-2）
70820399,2026-07-01,≥30单,T-05 自我对冲/打水,OBSERVED,376,188,12,28,188,188,1.0,123,376,0,0.0,3760.0,-32.5,0.0,0,sum_valid_bet=0 且 n_orders>=5 且 n_hedge_eq>0,§Z-14（软编码，库内现算，v4-revised-2）
70820399,2026-08-01,≥30单,T-05 自我对冲/打水,OBSERVED,160,80,5,25,80,80,1.0,42,160,0,0.0,1620.0,-19.5,0.0,0,sum_valid_bet=0 且 n_orders>=5 且 n_hedge_eq>0,§Z-14（软编码，库内现算，v4-revised-2）
130473199,2026-03-01,≥30单,T-05 自我对冲/打水,OBSERVED,38,19,2,14,19,19,1.0,15,38,0,0.0,476.3252081782,-0.4763252084,0.0,18,sum_valid_bet=0 且 n_orders>=5 且 n_hedge_eq>0,§Z-14（软编码，库内现算，v4-revised-2）
131279549,2026-06-01,≥30单,T-05 自我对冲/打水,OBSERVED,30,15,1,9,15,15,1.0,6,30,0,0.0,353.1146791856,-5.7121492221,0.0,0,sum_valid_bet=0 且 n_orders>=5 且 n_hedge_eq>0,§Z-14（软编码，库内现算，v4-revised-2）
139309024,2026-04-01,≥30单,T-05 自我对冲/打水,OBSERVED,34,17,6,7,17,17,1.0,9,34,0,0.0,746.3158560498,-9.3816541228,0.0,0,sum_valid_bet=0 且 n_orders>=5 且 n_hedge_eq>0,§Z-14（软编码，库内现算，v4-revised-2）
139309024,2026-05-01,≥30单,T-05 自我对冲/打水,OBSERVED,36,18,7,8,18,17,0.9444444,13,36,0,0.0,1629.2532228089,-11.0282533347,0.0,0,sum_valid_bet=0 且 n_orders>=5 且 n_hedge_eq>0,§Z-14（软编码，库内现算，v4-revised-2）
139309024,2026-06-01,≥30单,T-05 自我对冲/打水,OBSERVED,74,37,13,14,37,37,1.0,23,74,0,0.0,3298.5065326218,-26.2758864218,0.0,0,sum_valid_bet=0 且 n_orders>=5 且 n_hedge_eq>0,§Z-14（软编码，库内现算，v4-revised-2）
146273793,2026-05-01,≥30单,T-05 自我对冲/打水,OBSERVED,48,24,12,11,24,24,1.0,11,48,0,0.0,776.0555570818,-11.5240651165,0.0,0,sum_valid_bet=0 且 n_orders>=5 且 n_hedge_eq>0,§Z-14（软编码，库内现算，v4-revised-2）
146428434,2026-03-01,≥30单,T-05 自我对冲/打水,OBSERVED,52,26,3,1,26,26,1.0,18,52,0,0.0,3870.4819277108,-32.0030120481,0.0,0,sum_valid_bet=0 且 n_orders>=5 且 n_hedge_eq>0,§Z-14（软编码，库内现算，v4-revised-2）
146587447,2026-05-01,≥30单,T-05 自我对冲/打水,OBSERVED,46,23,17,13,23,23,1.0,6,46,0,0.0,330.6772353044,-7.6367449773,0.0,0,sum_valid_bet=0 且 n_orders>=5 且 n_hedge_eq>0,§Z-14（软编码，库内现算，v4-revised-2）
146587447,2026-06-01,≥30单,T-05 自我对冲/打水,OBSERVED,30,15,7,6,15,15,1.0,10,30,0,0.0,760.2351328338,-5.504434705,0.0,0,sum_valid_bet=0 且 n_orders>=5 且 n_hedge_eq>0,§Z-14（软编码，库内现算，v4-revised-2）
146855013,2026-03-01,≥30单,T-05 自我对冲/打水,OBSERVED,30,15,2,1,15,15,1.0,9,30,0,0.0,2183.7349397596,-22.590361446,0.0,0,sum_valid_bet=0 且 n_orders>=5 且 n_hedge_eq>0,§Z-14（软编码，库内现算，v4-revised-2）
146862795,2026-03-01,≥30单,T-05 自我对冲/打水,OBSERVED,44,22,2,1,22,22,1.0,10,44,0,0.0,2462.34939759,-32.0030120478,0.0,0,sum_valid_bet=0 且 n_orders>=5 且 n_hedge_eq>0,§Z-14（软编码，库内现算，v4-revised-2）
146953518,2026-05-01,≥30单,T-05 自我对冲/打水,OBSERVED,159,80,11,1,79,79,0.9875,42,159,0,0.0,1096.6998126538,-13.3304510741,0.0,0,sum_valid_bet=0 且 n_orders>=5 且 n_hedge_eq>0,§Z-14（软编码，库内现算，v4-revised-2）
147649407,2026-04-01,≥30单,T-05 自我对冲/打水,OBSERVED,60,30,5,1,30,30,1.0,21,60,0,0.0,3430.6703397608,-39.1184573002,0.0,0,sum_valid_bet=0 且 n_orders>=5 且 n_hedge_eq>0,§Z-14（软编码，库内现算，v4-revised-2）
147695204,2026-04-01,≥30单,T-05 自我对冲/打水,OBSERVED,70,35,6,1,35,35,1.0,19,70,0,0.0,6251.6069788796,-68.3195592285,0.0,0,sum_valid_bet=0 且 n_orders>=5 且 n_hedge_eq>0,§Z-14（软编码，库内现算，v4-revised-2）
147725988,2026-05-01,≥30单,T-05 自我对冲/打水,OBSERVED,40,20,13,11,20,20,1.0,9,40,0,0.0,1747.715576096,-28.8835206385,0.0,0,sum_valid_bet=0 且 n_orders>=5 且 n_hedge_eq>0,§Z-14（软编码，库内现算，v4-revised-2）
147832886,2026-03-01,≥30单,T-05 自我对冲/打水,OBSERVED,48,24,2,1,24,24,1.0,14,48,0,0.0,2499.9999999998,-20.8960843369,0.0,0,sum_valid_bet=0 且 n_orders>=5 且 n_hedge_eq>0,§Z-14（软编码，库内现算，v4-revised-2）
148109889,2026-04-01,≥30单,T-05 自我对冲/打水,OBSERVED,264,132,13,1,132,132,1.0,71,264,0,0.0,15115.5188246124,-178.071625345,0.0,0,sum_valid_bet=0 且 n_orders>=5 且 n_hedge_eq>0,§Z-14（软编码，库内现算，v4-revised-2）
148124319,2026-05-01,≥30单,T-05 自我对冲/打水,OBSERVED,56,28,20,15,28,28,1.0,15,56,0,0.0,372.6896289606,-2.4157126348,0.0,0,sum_valid_bet=0 且 n_orders>=5 且 n_hedge_eq>0,§Z-14（软编码，库内现算，v4-revised-2）
148162760,2026-04-01,≥30单,T-05 自我对冲/打水,OBSERVED,30,15,1,1,15,15,1.0,6,30,0,0.0,18323.168337566,-274.8475250637,0.0,0,sum_valid_bet=0 且 n_orders>=5 且 n_hedge_eq>0,§Z-14（软编码，库内现算，v4-revised-2）
148228117,2026-05-01,≥30单,T-05 自我对冲/打水,OBSERVED,42,21,1,1,21,21,1.0,9,42,0,0.0,785.415765961,-10.7364173514,0.0,0,sum_valid_bet=0 且 n_orders>=5 且 n_hedge_eq>0,§Z-14（软编码，库内现算，v4-revised-2）
148235446,2026-04-01,≥30单,T-05 自我对冲/打水,OBSERVED,40,20,2,1,20,20,1.0,11,40,0,0.0,382.001836547,-4.1873278236,0.0,0,sum_valid_bet=0 且 n_orders>=5 且 n_hedge_eq>0,§Z-14（软编码，库内现算，v4-revised-2）
148745170,2026-04-01,≥30单,T-05 自我对冲/打水,OBSERVED,72,36,5,1,36,36,1.0,18,72,0,0.0,1945.6439170628,-24.1520975584,0.0,0,sum_valid_bet=0 且 n_orders>=5 且 n_hedge_eq>0,§Z-14（软编码，库内现算，v4-revised-2）
148844715,2026-05-01,≥30单,T-05 自我对冲/打水,OBSERVED,30,15,12,11,15,15,1.0,7,30,0,0.0,281.4830374952,-3.4660224766,0.0,0,sum_valid_bet=0 且 n_orders>=5 且 n_hedge_eq>0,§Z-14（软编码，库内现算，v4-revised-2）
149548633,2026-05-01,≥30单,T-05 自我对冲/打水,OBSERVED,38,19,11,12,19,19,1.0,12,38,0,0.0,1407.4151874808,-12.0785631761,0.0,0,sum_valid_bet=0 且 n_orders>=5 且 n_hedge_eq>0,§Z-14（软编码，库内现算，v4-revised-2）
149573414,2026-05-01,≥30单,T-05 自我对冲/打水,OBSERVED,112,56,1,14,56,56,1.0,35,112,0,0.0,4774.009668664,-46.0536258796,0.0,0,sum_valid_bet=0 且 n_orders>=5 且 n_hedge_eq>0,§Z-14（软编码，库内现算，v4-revised-2）
149589144,2026-05-01,≥30单,T-05 自我对冲/打水,OBSERVED,32,16,11,11,16,16,1.0,9,32,0,0.0,1344.3965969968,-16.2798025417,0.0,0,sum_valid_bet=0 且 n_orders>=5 且 n_hedge_eq>0,§Z-14（软编码，库内现算，v4-revised-2）
149592410,2026-05-01,≥30单,T-05 自我对冲/打水,OBSERVED,44,22,2,1,22,22,1.0,11,44,0,0.0,381.899409137,-5.2240956913,0.0,0,sum_valid_bet=0 且 n_orders>=5 且 n_hedge_eq>0,§Z-14（软编码，库内现算，v4-revised-2）
149614638,2026-05-01,≥30单,T-05 自我对冲/打水,OBSERVED,60,30,1,10,30,30,1.0,17,60,0,0.0,7991.277054074,-86.9181108159,0.0,0,sum_valid_bet=0 且 n_orders>=5 且 n_hedge_eq>0,§Z-14（软编码，库内现算，v4-revised-2）
149615255,2026-05-01,≥30单,T-05 自我对冲/打水,OBSERVED,58,29,1,6,29,29,1.0,14,58,0,0.0,7524.2543690958,-97.2963927045,0.0,0,sum_valid_bet=0 且 n_orders>=5 且 n_hedge_eq>0,§Z-14（软编码，库内现算，v4-revised-2）
149616593,2026-05-01,≥30单,T-05 自我对冲/打水,OBSERVED,62,31,1,8,31,31,1.0,17,62,0,0.0,8043.1684635162,-90.8099665242,0.0,0,sum_valid_bet=0 且 n_orders>=5 且 n_hedge_eq>0,§Z-14（软编码，库内现算，v4-revised-2）
149617594,2026-05-01,≥30单,T-05 自我对冲/打水,OBSERVED,66,33,1,15,33,33,1.0,18,66,0,0.0,8562.0825579366,-97.2963927045,0.0,0,sum_valid_bet=0 且 n_orders>=5 且 n_hedge_eq>0,§Z-14（软编码，库内现算，v4-revised-2）
149620432,2026-05-01,≥30单,T-05 自我对冲/打水,OBSERVED,80,40,1,6,40,40,1.0,20,80,0,0.0,10378.281888408,-129.728523606,0.0,0,sum_valid_bet=0 且 n_orders>=5 且 n_hedge_eq>0,§Z-14（软编码，库内现算，v4-revised-2）
149622808,2026-05-01,≥30单,T-05 自我对冲/打水,OBSERVED,80,40,1,6,40,40,1.0,17,80,0,0.0,10378.281888408,-149.1878021469,0.0,0,sum_valid_bet=0 且 n_orders>=5 且 n_hedge_eq>0,§Z-14（软编码，库内现算，v4-revised-2）
149623756,2026-05-01,≥30单,T-05 自我对冲/打水,OBSERVED,74,37,1,6,37,37,1.0,21,74,0,0.0,9599.9107467774,-103.7828188848,0.0,0,sum_valid_bet=0 且 n_orders>=5 且 n_hedge_eq>0,§Z-14（软编码，库内现算，v4-revised-2）
149624151,2026-05-01,≥30单,T-05 自我对冲/打水,OBSERVED,72,36,1,6,36,36,1.0,14,72,0,0.0,9340.4536995672,-142.7013759666,0.0,0,sum_valid_bet=0 且 n_orders>=5 且 n_hedge_eq>0,§Z-14（软编码，库内现算，v4-revised-2）
149624815,2026-05-01,≥30单,T-05 自我对冲/打水,OBSERVED,72,36,1,6,36,36,1.0,16,72,0,0.0,9599.9107467772,-132.323094078,0.0,0,sum_valid_bet=0 且 n_orders>=5 且 n_hedge_eq>0,§Z-14（软编码，库内现算，v4-revised-2）
149624841,2026-05-01,≥30单,T-05 自我对冲/打水,OBSERVED,72,36,1,6,36,36,1.0,17,72,0,0.0,9340.4536995672,-123.2420974257,0.0,0,sum_valid_bet=0 且 n_orders>=5 且 n_hedge_eq>0,§Z-14（软编码，库内现算，v4-revised-2）
149625387,2026-05-01,≥30单,T-05 自我对冲/打水,OBSERVED,66,33,1,6,33,33,1.0,16,66,0,0.0,9496.1279278926,-121.9448121891,0.0,0,sum_valid_bet=0 且 n_orders>=5 且 n_hedge_eq>0,§Z-14（软编码，库内现算，v4-revised-2）
149625872,2026-05-01,≥30单,T-05 自我对冲/打水,OBSERVED,74,37,1,6,37,37,1.0,20,74,0,0.0,9599.9107467774,-110.2692450651,0.0,0,sum_valid_bet=0 且 n_orders>=5 且 n_hedge_eq>0,§Z-14（软编码，库内现算，v4-revised-2）
149625880,2026-05-01,≥30单,T-05 自我对冲/打水,OBSERVED,80,40,1,6,40,40,1.0,23,80,0,0.0,10378.281888408,-110.2692450651,0.0,0,sum_valid_bet=0 且 n_orders>=5 且 n_hedge_eq>0,§Z-14（软编码，库内现算，v4-revised-2）
149626198,2026-05-01,≥30单,T-05 自我对冲/打水,OBSERVED,54,27,1,11,27,27,1.0,20,54,0,0.0,4566.4440308968,-29.8375604289,0.0,0,sum_valid_bet=0 且 n_orders>=5 且 n_hedge_eq>0,§Z-14（软编码，库内现算，v4-revised-2）
149626497,2026-05-01,≥30单,T-05 自我对冲/打水,OBSERVED,82,41,1,11,41,41,1.0,22,82,0,0.0,10689.6303450602,-114.1611007724,0.0,0,sum_valid_bet=0 且 n_orders>=5 且 n_hedge_eq>0,§Z-14（软编码，库内现算，v4-revised-2）
149626573,2026-05-01,≥30单,T-05 自我对冲/打水,OBSERVED,72,36,1,6,36,36,1.0,22,72,0,0.0,9651.8021562192,-92.1072517598,0.0,0,sum_valid_bet=0 且 n_orders>=5 且 n_hedge_eq>0,§Z-14（软编码，库内现算，v4-revised-2）
149626816,2026-05-01,≥30单,T-05 自我对冲/打水,OBSERVED,76,38,1,6,38,38,1.0,16,76,0,0.0,9599.9107467774,-141.4040907305,0.0,0,sum_valid_bet=0 且 n_orders>=5 且 n_hedge_eq>0,§Z-14（软编码，库内现算，v4-revised-2）
149626993,2026-05-01,≥30单,T-05 自我对冲/打水,OBSERVED,62,31,1,13,31,31,1.0,17,62,0,0.0,8043.1684635162,-90.8099665242,0.0,0,sum_valid_bet=0 且 n_orders>=5 且 n_hedge_eq>0,§Z-14（软编码，库内现算，v4-revised-2）
149627552,2026-05-01,≥30单,T-05 自我对冲/打水,OBSERVED,80,40,1,6,40,40,1.0,22,80,0,0.0,10949.08739227,-123.242097425,0.0,0,sum_valid_bet=0 且 n_orders>=5 且 n_hedge_eq>0,§Z-14（软编码，库内现算，v4-revised-2）
149627585,2026-05-01,≥30单,T-05 自我对冲/打水,OBSERVED,48,24,1,13,24,24,1.0,13,48,0,0.0,9340.4536995648,-103.782818884,0.0,0,sum_valid_bet=0 且 n_orders>=5 且 n_hedge_eq>0,§Z-14（软编码，库内现算，v4-revised-2）
149627651,2026-05-01,≥30单,T-05 自我对冲/打水,OBSERVED,72,36,1,6,36,36,1.0,20,72,0,0.0,9340.4536995672,-103.7828188848,0.0,0,sum_valid_bet=0 且 n_orders>=5 且 n_hedge_eq>0,§Z-14（软编码，库内现算，v4-revised-2）
149627723,2026-05-01,≥30单,T-05 自我对冲/打水,OBSERVED,70,35,1,6,35,35,1.0,20,70,0,0.0,9911.259203429,-101.1882484122,0.0,0,sum_valid_bet=0 且 n_orders>=5 且 n_hedge_eq>0,§Z-14（软编码，库内现算，v4-revised-2）
149627844,2026-05-01,≥30单,T-05 自我对冲/打水,OBSERVED,50,25,1,17,25,25,1.0,10,50,0,0.0,9548.0193373354,-142.7013759666,0.0,0,sum_valid_bet=0 且 n_orders>=5 且 n_hedge_eq>0,§Z-14（软编码，库内现算，v4-revised-2）
149627846,2026-05-01,≥30单,T-05 自我对冲/打水,OBSERVED,46,23,1,14,23,23,1.0,9,46,0,0.0,8717.7567862606,-132.3230940771,0.0,0,sum_valid_bet=0 且 n_orders>=5 且 n_hedge_eq>0,§Z-14（软编码，库内现算，v4-revised-2）
149628286,2026-05-01,≥30单,T-05 自我对冲/打水,OBSERVED,54,27,1,8,27,27,1.0,17,54,0,0.0,7005.3402746754,-64.864261803,0.0,0,sum_valid_bet=0 且 n_orders>=5 且 n_hedge_eq>0,§Z-14（软编码，库内现算，v4-revised-2）
149628599,2026-05-01,≥30单,T-05 自我对冲/打水,OBSERVED,80,40,1,6,40,40,1.0,21,80,0,0.0,11052.870211154,-128.4312383693,0.0,0,sum_valid_bet=0 且 n_orders>=5 且 n_hedge_eq>0,§Z-14（软编码，库内现算，v4-revised-2）
149628605,2026-05-01,≥30单,T-05 自我对冲/打水,OBSERVED,42,21,1,8,21,21,1.0,12,42,0,0.0,8717.7567862602,-93.4045369956,0.0,0,sum_valid_bet=0 且 n_orders>=5 且 n_hedge_eq>0,§Z-14（软编码，库内现算，v4-revised-2）
149628798,2026-05-01,≥30单,T-05 自我对冲/打水,OBSERVED,66,33,1,6,33,33,1.0,18,66,0,0.0,9444.2365184506,-107.6746745923,0.0,0,sum_valid_bet=0 且 n_orders>=5 且 n_hedge_eq>0,§Z-14（软编码，库内现算，v4-revised-2）
149629017,2026-05-01,≥30单,T-05 自我对冲/打水,OBSERVED,72,36,1,6,36,36,1.0,20,72,0,0.0,9392.3451090092,-105.0801041208,0.0,0,sum_valid_bet=0 且 n_orders>=5 且 n_hedge_eq>0,§Z-14（软编码，库内现算，v4-revised-2）
149629081,2026-05-01,≥30单,T-05 自我对冲/打水,OBSERVED,42,21,1,12,21,21,1.0,10,42,0,0.0,9599.9107467774,-123.2420974257,0.0,0,sum_valid_bet=0 且 n_orders>=5 且 n_hedge_eq>0,§Z-14（软编码，库内现算，v4-revised-2）
149629230,2026-05-01,≥30单,T-05 自我对冲/打水,OBSERVED,44,22,1,16,22,22,1.0,11,44,0,0.0,8406.4083296084,-108.9719598282,0.0,0,sum_valid_bet=0 且 n_orders>=5 且 n_hedge_eq>0,§Z-14（软编码，库内现算，v4-revised-2）
149629364,2026-05-01,≥30单,T-05 自我对冲/打水,OBSERVED,70,35,1,13,35,35,1.0,20,70,0,0.0,9080.996652357,-97.2963927045,0.0,0,sum_valid_bet=0 且 n_orders>=5 且 n_hedge_eq>0,§Z-14（软编码，库内现算，v4-revised-2）
149629624,2026-05-01,≥30单,T-05 自我对冲/打水,OBSERVED,42,21,1,8,21,21,1.0,11,42,0,0.0,8510.1911484922,-101.1882484119,0.0,0,sum_valid_bet=0 且 n_orders>=5 且 n_hedge_eq>0,§Z-14（软编码，库内现算，v4-revised-2）
149629663,2026-05-01,≥30单,T-05 自我对冲/打水,OBSERVED,72,36,1,6,36,36,1.0,15,72,0,0.0,9340.4536995672,-136.2149497863,0.0,0,sum_valid_bet=0 且 n_orders>=5 且 n_hedge_eq>0,§Z-14（软编码，库内现算，v4-revised-2）
149630190,2026-05-01,≥30单,T-05 自我对冲/打水,OBSERVED,62,31,1,14,31,31,1.0,18,62,0,0.0,8043.1684635162,-84.3235403439,0.0,0,sum_valid_bet=0 且 n_orders>=5 且 n_hedge_eq>0,§Z-14（软编码，库内现算，v4-revised-2）
149630196,2026-05-01,≥30单,T-05 自我对冲/打水,OBSERVED,66,33,1,6,33,33,1.0,20,66,0,0.0,9392.3451090086,-97.2963927038,0.0,0,sum_valid_bet=0 且 n_orders>=5 且 n_hedge_eq>0,§Z-14（软编码，库内现算，v4-revised-2）
149630261,2026-05-01,≥30单,T-05 自我对冲/打水,OBSERVED,60,30,1,14,30,30,1.0,13,60,0,0.0,9340.453699566,-132.3230940771,0.0,0,sum_valid_bet=0 且 n_orders>=5 且 n_hedge_eq>0,§Z-14（软编码，库内现算，v4-revised-2）
149630430,2026-05-01,≥30单,T-05 自我对冲/打水,OBSERVED,74,37,1,6,37,37,1.0,20,74,0,0.0,9599.9107467774,-110.2692450651,0.0,0,sum_valid_bet=0 且 n_orders>=5 且 n_hedge_eq>0,§Z-14（软编码，库内现算，v4-revised-2）
149630563,2026-05-01,≥30单,T-05 自我对冲/打水,OBSERVED,76,38,1,6,38,38,1.0,18,76,0,0.0,9963.1506128716,-132.3230940774,0.0,0,sum_valid_bet=0 且 n_orders>=5 且 n_hedge_eq>0,§Z-14（软编码，库内现算，v4-revised-2）
149631009,2026-05-01,≥30单,T-05 自我对冲/打水,OBSERVED,50,25,1,14,25,25,1.0,10,50,0,0.0,9236.670880681,-142.7013759655,0.0,0,sum_valid_bet=0 且 n_orders>=5 且 n_hedge_eq>0,§Z-14（软编码，库内现算，v4-revised-2）
149631039,2026-05-01,≥30单,T-05 自我对冲/打水,OBSERVED,40,20,1,7,20,20,1.0,9,40,0,0.0,8406.4083296082,-116.7556712446,0.0,0,sum_valid_bet=0 且 n_orders>=5 且 n_hedge_eq>0,§Z-14（软编码，库内现算，v4-revised-2）
149631126,2026-05-01,≥30单,T-05 自我对冲/打水,OBSERVED,40,20,1,15,20,20,1.0,13,40,0,0.0,9859.367793987,-88.215396052,0.0,0,sum_valid_bet=0 且 n_orders>=5 且 n_hedge_eq>0,§Z-14（软编码，库内现算，v4-revised-2）
149631517,2026-05-01,≥30单,T-05 自我对冲/打水,OBSERVED,72,36,1,6,36,36,1.0,15,72,0,0.0,9340.4536995672,-136.2149497863,0.0,0,sum_valid_bet=0 且 n_orders>=5 且 n_hedge_eq>0,§Z-14（软编码，库内现算，v4-revised-2）
149631558,2026-05-01,≥30单,T-05 自我对冲/打水,OBSERVED,66,33,1,6,33,33,1.0,16,66,0,0.0,9651.8021562186,-123.2420974251,0.0,0,sum_valid_bet=0 且 n_orders>=5 且 n_hedge_eq>0,§Z-14（软编码，库内现算，v4-revised-2）
149631734,2026-05-01,≥30单,T-05 自我对冲/打水,OBSERVED,72,36,1,6,36,36,1.0,21,72,0,0.0,9340.4536995672,-97.2963927045,0.0,0,sum_valid_bet=0 且 n_orders>=5 且 n_hedge_eq>0,§Z-14（软编码，库内现算，v4-revised-2）
149631969,2026-05-01,≥30单,T-05 自我对冲/打水,OBSERVED,74,37,1,6,37,37,1.0,18,74,0,0.0,9599.9107467774,-123.2420974257,0.0,0,sum_valid_bet=0 且 n_orders>=5 且 n_hedge_eq>0,§Z-14（软编码，库内现算，v4-revised-2）
149632083,2026-05-01,≥30单,T-05 自我对冲/打水,OBSERVED,84,42,1,6,42,42,1.0,20,84,0,0.0,11468.0014866904,-145.2959464378,0.0,0,sum_valid_bet=0 且 n_orders>=5 且 n_hedge_eq>0,§Z-14（软编码，库内现算，v4-revised-2）
149632105,2026-05-01,≥30单,T-05 自我对冲/打水,OBSERVED,48,24,1,7,24,24,1.0,9,48,0,0.0,9340.4536995672,-142.7013759666,0.0,0,sum_valid_bet=0 且 n_orders>=5 且 n_hedge_eq>0,§Z-14（软编码，库内现算，v4-revised-2）
149632473,2026-05-01,≥30单,T-05 自我对冲/打水,OBSERVED,56,28,1,15,28,28,1.0,16,56,0,0.0,8821.5396051456,-93.4045369956,0.0,0,sum_valid_bet=0 且 n_orders>=5 且 n_hedge_eq>0,§Z-14（软编码，库内现算，v4-revised-2）
149632935,2026-05-01,≥30单,T-05 自我对冲/打水,OBSERVED,78,39,1,6,39,39,1.0,17,78,0,0.0,10118.8248411978,-142.7013759666,0.0,0,sum_valid_bet=0 且 n_orders>=5 且 n_hedge_eq>0,§Z-14（软编码，库内现算，v4-revised-2）
149633268,2026-05-01,≥30单,T-05 自我对冲/打水,OBSERVED,66,33,1,6,33,33,1.0,21,66,0,0.0,9340.4536995666,-83.0262551074,0.0,0,sum_valid_bet=0 且 n_orders>=5 且 n_hedge_eq>0,§Z-14（软编码，库内现算，v4-revised-2）
149633281,2026-05-01,≥30单,T-05 自我对冲/打水,OBSERVED,44,22,1,9,22,22,1.0,12,44,0,0.0,9029.1052429124,-103.782818884,0.0,0,sum_valid_bet=0 且 n_orders>=5 且 n_hedge_eq>0,§Z-14（软编码，库内现算，v4-revised-2）
149633290,2026-05-01,≥30单,T-05 自我对冲/打水,OBSERVED,74,37,1,6,37,37,1.0,22,74,0,0.0,9599.9107467774,-97.2963927045,0.0,0,sum_valid_bet=0 且 n_orders>=5 且 n_hedge_eq>0,§Z-14（软编码，库内现算，v4-revised-2）
149633463,2026-05-01,≥30单,T-05 自我对冲/打水,OBSERVED,72,36,1,6,36,36,1.0,18,72,0,0.0,9340.4536995672,-116.7556712454,0.0,0,sum_valid_bet=0 且 n_orders>=5 且 n_hedge_eq>0,§Z-14（软编码，库内现算，v4-revised-2）
149633688,2026-05-01,≥30单,T-05 自我对冲/打水,OBSERVED,52,26,1,13,26,26,1.0,15,52,0,0.0,8095.0598729572,-85.6208255793,0.0,0,sum_valid_bet=0 且 n_orders>=5 且 n_hedge_eq>0,§Z-14（软编码，库内现算，v4-revised-2）
149633851,2026-05-01,≥30单,T-05 自我对冲/打水,OBSERVED,80,40,1,6,40,40,1.0,25,80,0,0.0,11208.54443948,-102.4855336483,0.0,0,sum_valid_bet=0 且 n_orders>=5 且 n_hedge_eq>0,§Z-14（软编码，库内现算，v4-revised-2）
149633927,2026-05-01,≥30单,T-05 自我对冲/打水,OBSERVED,64,32,1,13,32,32,1.0,19,64,0,0.0,8302.6255107264,-84.3235403439,0.0,0,sum_valid_bet=0 且 n_orders>=5 且 n_hedge_eq>0,§Z-14（软编码，库内现算，v4-revised-2）
149634443,2026-05-01,≥30单,T-05 自我对冲/打水,OBSERVED,72,36,1,6,36,36,1.0,17,72,0,0.0,9340.4536995672,-123.2420974257,0.0,0,sum_valid_bet=0 且 n_orders>=5 且 n_hedge_eq>0,§Z-14（软编码，库内现算，v4-revised-2）
149634648,2026-05-01,≥30单,T-05 自我对冲/打水,OBSERVED,74,37,1,6,37,37,1.0,23,74,0,0.0,9599.9107467774,-90.8099665242,0.0,0,sum_valid_bet=0 且 n_orders>=5 且 n_hedge_eq>0,§Z-14（软编码，库内现算，v4-revised-2）
149634711,2026-05-01,≥30单,T-05 自我对冲/打水,OBSERVED,62,31,1,11,31,31,1.0,23,62,0,0.0,8043.1684635162,-51.8914094424,0.0,0,sum_valid_bet=0 且 n_orders>=5 且 n_hedge_eq>0,§Z-14（软编码，库内现算，v4-revised-2）
149634863,2026-05-01,≥30单,T-05 自我对冲/打水,OBSERVED,54,27,1,9,27,27,1.0,10,54,0,0.0,8406.4083296094,-132.3230940771,0.0,0,sum_valid_bet=0 且 n_orders>=5 且 n_hedge_eq>0,§Z-14（软编码，库内现算，v4-revised-2）
149635292,2026-05-01,≥30单,T-05 自我对冲/打水,OBSERVED,66,33,1,6,33,33,1.0,19,66,0,0.0,9392.345109009,-105.0801041208,0.0,0,sum_valid_bet=0 且 n_orders>=5 且 n_hedge_eq>0,§Z-14（软编码，库内现算，v4-revised-2）
149635457,2026-05-01,≥30单,T-05 自我对冲/打水,OBSERVED,54,27,1,16,27,27,1.0,17,54,0,0.0,9755.5849751014,-88.2153960514,0.0,0,sum_valid_bet=0 且 n_orders>=5 且 n_hedge_eq>0,§Z-14（软编码，库内现算，v4-revised-2）
149635901,2026-05-01,≥30单,T-05 自我对冲/打水,OBSERVED,74,37,1,9,37,37,1.0,19,74,0,0.0,9599.9107467774,-116.7556712454,0.0,0,sum_valid_bet=0 且 n_orders>=5 且 n_hedge_eq>0,§Z-14（软编码，库内现算，v4-revised-2）
149635925,2026-05-01,≥30单,T-05 自我对冲/打水,OBSERVED,56,28,1,6,28,28,1.0,18,56,0,0.0,9340.4536995672,-84.3235403439,0.0,0,sum_valid_bet=0 且 n_orders>=5 且 n_hedge_eq>0,§Z-14（软编码，库内现算，v4-revised-2）
149635974,2026-05-01,≥30单,T-05 自我对冲/打水,OBSERVED,54,27,1,9,27,27,1.0,16,54,0,0.0,8406.4083296094,-85.6208255793,0.0,0,sum_valid_bet=0 且 n_orders>=5 且 n_hedge_eq>0,§Z-14（软编码，库内现算，v4-revised-2）
149636050,2026-05-01,≥30单,T-05 自我对冲/打水,OBSERVED,80,40,1,6,40,40,1.0,21,80,0,0.0,10845.304573386,-127.133953133,0.0,0,sum_valid_bet=0 且 n_orders>=5 且 n_hedge_eq>0,§Z-14（软编码，库内现算，v4-revised-2）
149636093,2026-05-01,≥30单,T-05 自我对冲/打水,OBSERVED,68,34,1,6,34,34,1.0,17,68,0,0.0,9599.9107467768,-116.7556712447,0.0,0,sum_valid_bet=0 且 n_orders>=5 且 n_hedge_eq>0,§Z-14（软编码，库内现算，v4-revised-2）
149636167,2026-05-01,≥30单,T-05 自我对冲/打水,OBSERVED,64,32,1,6,32,32,1.0,15,64,0,0.0,9392.3451090088,-134.9176645499,0.0,0,sum_valid_bet=0 且 n_orders>=5 且 n_hedge_eq>0,§Z-14（软编码，库内现算，v4-revised-2）
149636554,2026-05-01,≥30单,T-05 自我对冲/打水,OBSERVED,74,37,1,6,37,37,1.0,16,74,0,0.0,9599.9107467774,-136.2149497863,0.0,0,sum_valid_bet=0 且 n_orders>=5 且 n_hedge_eq>0,§Z-14（软编码，库内现算，v4-revised-2）
149636715,2026-05-01,≥30单,T-05 自我对冲/打水,OBSERVED,40,20,1,13,20,19,0.95,14,40,0,0.0,9706.2881361331,-75.2425436914,0.0,0,sum_valid_bet=0 且 n_orders>=5 且 n_hedge_eq>0,§Z-14（软编码，库内现算，v4-revised-2）
149636925,2026-05-01,≥30单,T-05 自我对冲/打水,OBSERVED,62,31,1,12,31,31,1.0,20,62,0,0.0,8043.1684635162,-71.3506879833,0.0,0,sum_valid_bet=0 且 n_orders>=5 且 n_hedge_eq>0,§Z-14（软编码，库内现算，v4-revised-2）
149636936,2026-05-01,≥30单,T-05 自我对冲/打水,OBSERVED,48,24,1,9,24,24,1.0,14,48,0,0.0,9755.5849751008,-98.5936779398,0.0,0,sum_valid_bet=0 且 n_orders>=5 且 n_hedge_eq>0,§Z-14（软编码，库内现算，v4-revised-2）
149636945,2026-05-01,≥30单,T-05 自我对冲/打水,OBSERVED,48,24,1,6,24,24,1.0,16,48,0,0.0,9599.910746777,-88.215396052,0.0,0,sum_valid_bet=0 且 n_orders>=5 且 n_hedge_eq>0,§Z-14（软编码，库内现算，v4-revised-2）
149637447,2026-05-01,≥30单,T-05 自我对冲/打水,OBSERVED,70,35,1,6,35,35,1.0,19,70,0,0.0,9340.4536995672,-110.2692450651,0.0,0,sum_valid_bet=0 且 n_orders>=5 且 n_hedge_eq>0,§Z-14（软编码，库内现算，v4-revised-2）
149638271,2026-05-01,≥30单,T-05 自我对冲/打水,OBSERVED,42,21,1,14,21,21,1.0,9,42,0,0.0,8821.5396051444,-127.133953133,0.0,0,sum_valid_bet=0 且 n_orders>=5 且 n_hedge_eq>0,§Z-14（软编码，库内现算，v4-revised-2）
149649543,2026-05-01,≥30单,T-05 自我对冲/打水,OBSERVED,32,16,10,6,16,16,1.0,8,32,0,0.0,1176.347022372,-14.7043377796,0.0,0,sum_valid_bet=0 且 n_orders>=5 且 n_hedge_eq>0,§Z-14（软编码，库内现算，v4-revised-2）
149678618,2026-05-01,≥30单,T-05 自我对冲/打水,OBSERVED,52,26,1,10,26,26,1.0,14,52,0,0.0,47400.0,-555.0,0.0,0,sum_valid_bet=0 且 n_orders>=5 且 n_hedge_eq>0,§Z-14（软编码，库内现算，v4-revised-2）
149730973,2026-05-01,≥30单,T-05 自我对冲/打水,OBSERVED,68,34,1,10,34,34,1.0,20,68,0,0.0,9963.1506128708,-103.7828188842,0.0,0,sum_valid_bet=0 且 n_orders>=5 且 n_hedge_eq>0,§Z-14（软编码，库内现算，v4-revised-2）
149769603,2026-05-01,≥30单,T-05 自我对冲/打水,OBSERVED,62,31,1,14,31,31,1.0,14,62,0,0.0,11727.4585338982,-166.0525102144,0.0,0,sum_valid_bet=0 且 n_orders>=5 且 n_hedge_eq>0,§Z-14（软编码，库内现算，v4-revised-2）
149771174,2026-05-01,≥30单,T-05 自我对冲/打水,OBSERVED,66,33,1,9,33,33,1.0,19,66,0,0.0,10378.2818884066,-111.5665303003,0.0,0,sum_valid_bet=0 且 n_orders>=5 且 n_hedge_eq>0,§Z-14（软编码，库内现算，v4-revised-2）
149772665,2026-05-01,≥30单,T-05 自我对冲/打水,OBSERVED,58,29,1,16,29,29,1.0,16,58,0,0.0,11104.7616205938,-119.3502417166,0.0,0,sum_valid_bet=0 且 n_orders>=5 且 n_hedge_eq>0,§Z-14（软编码，库内现算，v4-revised-2）
149774614,2026-05-01,≥30单,T-05 自我对冲/打水,OBSERVED,64,32,1,6,32,32,1.0,16,64,0,0.0,9911.2592034284,-124.5393826608,0.0,0,sum_valid_bet=0 且 n_orders>=5 且 n_hedge_eq>0,§Z-14（软编码，库内现算，v4-revised-2）
149775927,2026-05-01,≥30单,T-05 自我对冲/打水,OBSERVED,68,34,1,10,34,34,1.0,17,68,0,0.0,10274.4990695228,-127.1339531329,0.0,0,sum_valid_bet=0 且 n_orders>=5 且 n_hedge_eq>0,§Z-14（软编码，库内现算，v4-revised-2）
149777174,2026-05-01,≥30单,T-05 自我对冲/打水,OBSERVED,60,30,1,16,30,30,1.0,13,60,0,0.0,10482.06470729,-147.8905169097,0.0,0,sum_valid_bet=0 且 n_orders>=5 且 n_hedge_eq>0,§Z-14（软编码，库内现算，v4-revised-2）
149780238,2026-05-01,≥30单,T-05 自我对冲/打水,OBSERVED,58,29,1,6,29,29,1.0,14,58,0,0.0,10118.8248411952,-138.8095202573,0.0,0,sum_valid_bet=0 且 n_orders>=5 且 n_hedge_eq>0,§Z-14（软编码，库内现算，v4-revised-2）
149811574,2026-05-01,≥30单,T-05 自我对冲/打水,OBSERVED,72,36,1,12,36,36,1.0,23,72,0,0.0,10222.6076600816,-94.7018222322,0.0,0,sum_valid_bet=0 且 n_orders>=5 且 n_hedge_eq>0,§Z-14（软编码，库内现算，v4-revised-2）
149813851,2026-05-01,≥30单,T-05 自我对冲/打水,OBSERVED,46,23,1,16,23,23,1.0,17,46,0,0.0,10378.281888407,-72.6479732192,0.0,0,sum_valid_bet=0 且 n_orders>=5 且 n_hedge_eq>0,§Z-14（软编码，库内现算，v4-revised-2）
149814956,2026-05-01,≥30单,T-05 自我对冲/打水,OBSERVED,76,38,1,6,38,38,1.0,19,76,0,0.0,9859.3677939876,-123.2420974257,0.0,0,sum_valid_bet=0 且 n_orders>=5 且 n_hedge_eq>0,§Z-14（软编码，库内现算，v4-revised-2）
149815512,2026-05-01,≥30单,T-05 自我对冲/打水,OBSERVED,78,39,1,6,39,39,1.0,24,78,0,0.0,10118.8248411978,-97.2963927045,0.0,0,sum_valid_bet=0 且 n_orders>=5 且 n_hedge_eq>0,§Z-14（软编码，库内现算，v4-revised-2）
149816225,2026-05-01,≥30单,T-05 自我对冲/打水,OBSERVED,42,21,1,16,21,21,1.0,16,42,0,0.0,10326.3904789656,-57.0805503865,0.0,0,sum_valid_bet=0 且 n_orders>=5 且 n_hedge_eq>0,§Z-14（软编码，库内现算，v4-revised-2）
149816475,2026-05-01,≥30单,T-05 自我对冲/打水,OBSERVED,75,38,1,6,37,37,0.9736842,20,75,0,0.0,9781.5306798245,-118.0529564814,0.0,0,sum_valid_bet=0 且 n_orders>=5 且 n_hedge_eq>0,§Z-14（软编码，库内现算，v4-revised-2）
149817208,2026-05-01,≥30单,T-05 自我对冲/打水,OBSERVED,76,38,1,6,38,38,1.0,22,76,0,0.0,9859.3677939876,-103.7828188848,0.0,0,sum_valid_bet=0 且 n_orders>=5 且 n_hedge_eq>0,§Z-14（软编码，库内现算，v4-revised-2）
149818074,2026-05-01,≥30单,T-05 自我对冲/打水,OBSERVED,78,39,1,6,39,39,1.0,20,78,0,0.0,10118.8248411978,-123.2420974257,0.0,0,sum_valid_bet=0 且 n_orders>=5 且 n_hedge_eq>0,§Z-14（软编码，库内现算，v4-revised-2）
149825973,2026-05-01,≥30单,T-05 自我对冲/打水,OBSERVED,66,33,1,14,33,33,1.0,17,66,0,0.0,11675.5671244566,-142.7013759655,0.0,0,sum_valid_bet=0 且 n_orders>=5 且 n_hedge_eq>0,§Z-14（软编码，库内现算，v4-revised-2）
149829323,2026-05-01,≥30单,T-05 自我对冲/打水,OBSERVED,70,35,1,15,35,35,1.0,16,70,0,0.0,9755.5849751024,-140.1068054934,0.0,0,sum_valid_bet=0 且 n_orders>=5 且 n_hedge_eq>0,§Z-14（软编码，库内现算，v4-revised-2）
149830090,2026-05-01,≥30单,T-05 自我对冲/打水,OBSERVED,78,39,1,18,39,39,1.0,25,78,0,0.0,11416.1100772476,-101.1882484119,0.0,0,sum_valid_bet=0 且 n_orders>=5 且 n_hedge_eq>0,§Z-14（软编码，库内现算，v4-revised-2）
149831459,2026-05-01,≥30单,T-05 自我对冲/打水,OBSERVED,56,28,1,19,28,28,1.0,15,56,0,0.0,11104.7616205942,-124.5393826608,0.0,0,sum_valid_bet=0 且 n_orders>=5 且 n_hedge_eq>0,§Z-14（软编码，库内现算，v4-revised-2）
151171007,2026-07-01,≥30单,T-05 自我对冲/打水,OBSERVED,34,17,17,11,17,17,1.0,8,34,0,0.0,347.4635163308,-4.5987818337,0.0,0,sum_valid_bet=0 且 n_orders>=5 且 n_hedge_eq>0,§Z-14（软编码，库内现算，v4-revised-2）
151171374,2026-07-01,≥30单,T-05 自我对冲/打水,OBSERVED,34,17,17,12,17,17,1.0,7,34,0,0.0,347.4635163308,-5.109757593,0.0,0,sum_valid_bet=0 且 n_orders>=5 且 n_hedge_eq>0,§Z-14（软编码，库内现算，v4-revised-2）
151182422,2026-06-01,≥30单,T-05 自我对冲/打水,OBSERVED,92,46,23,14,46,46,1.0,25,92,0,0.0,2387.0548407056,-26.442048271,0.0,0,sum_valid_bet=0 且 n_orders>=5 且 n_hedge_eq>0,§Z-14（软编码，库内现算，v4-revised-2）
151182422,2026-07-01,≥30单,T-05 自我对冲/打水,OBSERVED,124,62,28,16,62,62,1.0,31,124,0,0.0,3166.872819962,-40.8604074276,0.0,0,sum_valid_bet=0 且 n_orders>=5 且 n_hedge_eq>0,§Z-14（软编码，库内现算，v4-revised-2）
151191910,2026-06-01,≥30单,T-05 自我对冲/打水,OBSERVED,38,19,19,14,19,19,1.0,12,38,0,0.0,394.6575826192,-3.6350040503,0.0,0,sum_valid_bet=0 且 n_orders>=5 且 n_hedge_eq>0,§Z-14（软编码，库内现算，v4-revised-2）
151191910,2026-07-01,≥30单,T-05 自我对冲/打水,OBSERVED,54,27,27,18,27,27,1.0,15,54,0,0.0,551.8538200548,-6.1317091116,0.0,0,sum_valid_bet=0 且 n_orders>=5 且 n_hedge_eq>0,§Z-14（软编码，库内现算，v4-revised-2）
151212512,2026-07-01,≥30单,T-05 自我对冲/打水,OBSERVED,118,59,29,18,59,59,1.0,25,118,0,0.0,3086.29358623,-40.2648898332,0.0,0,sum_valid_bet=0 且 n_orders>=5 且 n_hedge_eq>0,§Z-14（软编码，库内现算，v4-revised-2）
151212848,2026-06-01,≥30单,T-05 自我对冲/打水,OBSERVED,96,48,21,17,48,48,1.0,23,96,0,0.0,2392.871237772,-27.522173525,0.0,0,sum_valid_bet=0 且 n_orders>=5 且 n_hedge_eq>0,§Z-14（软编码，库内现算，v4-revised-2）
151212848,2026-07-01,≥30单,T-05 自我对冲/打水,OBSERVED,126,63,28,19,63,63,1.0,26,126,0,0.0,3200.7521563154,-54.776601398,0.0,0,sum_valid_bet=0 且 n_orders>=5 且 n_hedge_eq>0,§Z-14（软编码，库内现算，v4-revised-2）
151247925,2026-06-01,≥30单,T-05 自我对冲/打水,OBSERVED,38,19,19,13,19,19,1.0,12,38,0,0.0,394.6575826192,-3.6350040503,0.0,0,sum_valid_bet=0 且 n_orders>=5 且 n_hedge_eq>0,§Z-14（软编码，库内现算，v4-revised-2）
151247925,2026-07-01,≥30单,T-05 自我对冲/打水,OBSERVED,54,27,27,15,27,27,1.0,18,54,0,0.0,551.8538200548,-4.5987818337,0.0,0,sum_valid_bet=0 且 n_orders>=5 且 n_hedge_eq>0,§Z-14（软编码，库内现算，v4-revised-2）
151659765,2026-06-01,≥30单,T-05 自我对冲/打水,OBSERVED,30,15,1,4,15,15,1.0,8,30,0,0.0,915.2132619592,-9.9292004836,0.0,0,sum_valid_bet=0 且 n_orders>=5 且 n_hedge_eq>0,§Z-14（软编码，库内现算，v4-revised-2）
152296837,2026-06-01,≥30单,T-05 自我对冲/打水,OBSERVED,34,17,1,5,17,17,1.0,9,34,0,0.0,19836.9565217404,-220.7880434786,0.0,0,sum_valid_bet=0 且 n_orders>=5 且 n_hedge_eq>0,§Z-14（软编码，库内现算，v4-revised-2）
153508498,2026-07-01,≥30单,T-05 自我对冲/打水,OBSERVED,52,26,1,3,26,26,1.0,26,52,0,0.0,797.1221845236,0.0,0.0,50,sum_valid_bet=0 且 n_orders>=5 且 n_hedge_eq>0,§Z-14（软编码，库内现算，v4-revised-2）
