TABLE_NAME,COLUMN_NAME,COLUMN_COMMENT
ods_a168_RedPacketSetup,agent_id,source_type=int(11); 代理id
ods_a168_RedPacketSetup_setting,bet_count,source_type=int(10); 投注局數
ods_a168_RedPacketSetup_setting,bet_amount,"source_type=decimal(16,2); 單筆下注金額"
ods_a168_SMR_log,bet02,source_type=int(11); 
ods_a168_SMR_log,bet03,"source_type=decimal(12,0); "
ods_a168_SMR_log,bet04,source_type=int(11); 
ods_a168_SMR_log,bet22,source_type=int(11); 
ods_a168_agent,tip,"source_type=enum(''Y'',''N''); "
ods_a168_agent,receipt_acc,source_type=int(3); 收款帳號
ods_a168_agent,membermax,source_type=int(11); 會員總數
ods_a168_agent_bak20250610,tip,"source_type=enum(''Y'',''N''); "
ods_a168_agent_bak20250610,receipt_acc,source_type=int(3); 收款帳號
ods_a168_agent_bak20250610,membermax,source_type=int(11); 會員總數
ods_a168_agent_partner_gamelist,agent_id,source_type=int(11); 代理 id
ods_a168_agent_test,tip,"source_type=enum(''Y'',''N''); "
ods_a168_agent_test,receipt_acc,source_type=int(3); 收款帳號
ods_a168_agent_test,membermax,source_type=int(11); 會員總數
ods_a168_agents_LoginPass,betfeedback,"source_type=tinyint(1); 異常鎖定,0:N;1:Y"
ods_a168_aggregate_setting,agent_id,source_type=int(11); 代理 id
ods_a168_alert_ip_setting,ip,source_type=varchar(128); 
ods_a168_ban_bet_area,account_type,source_type=varchar(1); 
ods_a168_bet,bet001,source_type=int(11); sn
ods_a168_bet,bet002,"source_type=enum(''Y'',''N''); is_cancel"
ods_a168_bet,bet003,source_type=timestamp; bet_time
ods_a168_bet,bet004,source_type=int(11); org_site
ods_a168_bet,bet005,source_type=int(11); mid
ods_a168_bet,bet006,"source_type=enum(''Y'',''N''); is_test"
ods_a168_bet,bet007,source_type=int(11); lv1
ods_a168_bet,bet008,source_type=int(11); lv2
ods_a168_bet,bet009,source_type=int(11); lv3
ods_a168_bet,bet010,source_type=int(11); lv4
ods_a168_bet,bet011,source_type=int(11); lv5
ods_a168_bet,bet012,source_type=int(11); lv6
ods_a168_bet,bet013,source_type=char(15); ip
ods_a168_bet,bet014,source_type=char(30); chk_number
ods_a168_bet,bet015,source_type=int(11); seq_id
ods_a168_bet,bet016,source_type=varchar(15); seq_name
ods_a168_bet,bet017,source_type=int(11); play_type
ods_a168_bet,bet018,"source_type=double(10,2); rto1"
ods_a168_bet,bet019,"source_type=double(10,2); rto2"
ods_a168_bet,bet020,"source_type=double(10,2); rto3"
ods_a168_bet,bet021,source_type=varchar(30); bet_string
ods_a168_bet,bet022,source_type=int(11); bet_amt
ods_a168_bet,bet023,"source_type=double(5,2); rto_m1"
ods_a168_bet,bet024,"source_type=double(5,2); rto_m2"
ods_a168_bet,bet025,"source_type=double(5,2); rto_m3"
ods_a168_bet,bet026,"source_type=enum(''Y'',''N''); dual"
ods_a168_bet,bet027,"source_type=double(10,2); result"
ods_a168_bet,bet028,source_type=smallint(6); prt_lv1
ods_a168_bet,bet029,source_type=smallint(6); prt_lv2
ods_a168_bet,bet030,source_type=smallint(6); prt_lv3
ods_a168_bet,bet031,source_type=smallint(6); prt_lv4
ods_a168_bet,bet032,source_type=smallint(6); prt_lv5
ods_a168_bet,bet033,source_type=smallint(6); prt_lv6
ods_a168_bet,bet034,"source_type=double(10,2); prt_amt_0"
ods_a168_bet,bet035,"source_type=double(10,2); prt_amt_1"
ods_a168_bet,bet036,"source_type=double(10,2); prt_amt_2"
ods_a168_bet,bet037,"source_type=double(10,2); prt_amt_3"
ods_a168_bet,bet038,"source_type=double(10,2); prt_amt_4"
ods_a168_bet,bet039,"source_type=double(10,2); prt_amt_5"
ods_a168_bet,bet040,"source_type=double(10,2); prt_amt_6"
ods_a168_bet,bet041,"source_type=enum(''Y'',''N''); is_lottery"
ods_a168_bet,bet042,source_type=int(11); org_sn
ods_a168_bet,bet043,source_type=float; Base_Water
ods_a168_bet,bet044,source_type=float; LV1_Water_Mny
ods_a168_bet,bet045,source_type=float; LV2_Water_Mny
ods_a168_bet,bet046,source_type=float; LV3_Water_Mny
ods_a168_bet,bet047,source_type=float; LV4_Water_Mny
ods_a168_bet,bet048,source_type=float; LV5_Water_Mny
ods_a168_bet,bet049,source_type=float; LV6_Water_Mny
ods_a168_bet,bet050,source_type=float; 
ods_a168_bet,bet051,"source_type=double(10,2); rto4"
ods_a168_bet,bet052,"source_type=double(5,2); "
ods_a168_bet,bet053,source_type=tinyint(4); 
ods_a168_bet,bet054,source_type=timestamp; 
ods_a168_bet01,bet01,source_type=bigint(20); 注單編號
ods_a168_bet01,bet02,source_type=int(11); 遊戲類別編號
ods_a168_bet01,bet03,"source_type=decimal(12,0); 場次編號"
ods_a168_bet01,bet04,source_type=int(11); 子場次編號
ods_a168_bet01,bet05,source_type=int(11); 會員編號
ods_a168_bet01,bet06,source_type=datetime; 開局時間
ods_a168_bet01,bet07,source_type=date; 帳務日期
ods_a168_bet01,bet08,source_type=datetime; 下注時間
ods_a168_bet01,bet09,source_type=varchar(100); 下注內容
ods_a168_bet01,bet10,source_type=int(11); 幣別
ods_a168_bet01,bet11,"source_type=decimal(16,4); 匯率"
ods_a168_bet01,bet12,"source_type=decimal(16,4); 起始點數"
ods_a168_bet01,bet12a,"source_type=decimal(16,4); 起始籌碼"
ods_a168_bet01,bet13,"source_type=decimal(16,4); 下注金額"
ods_a168_bet01,bet14,"source_type=decimal(16,4); 退水％數"
ods_a168_bet01,bet15,source_type=int(11); LV1ID
ods_a168_bet01,bet16,source_type=int(11); LV2ID
ods_a168_bet01,bet17,source_type=int(11); LV3ID
ods_a168_bet01,bet18,source_type=int(11); LV4ID
ods_a168_bet01,bet19,source_type=int(11); LV5ID
ods_a168_bet01,bet20,"source_type=decimal(16,4); LV1佔成"
ods_a168_bet01,bet21,"source_type=decimal(16,4); LV2佔成"
ods_a168_bet01,bet22,"source_type=decimal(16,4); LV3佔成"
ods_a168_bet01,bet23,"source_type=decimal(16,4); LV4佔成"
ods_a168_bet01,bet24,"source_type=decimal(16,4); LV5佔成"
ods_a168_bet01,bet25,"source_type=decimal(16,4); LV1退水%數"
ods_a168_bet01,bet26,"source_type=decimal(16,4); LV2退水%數"
ods_a168_bet01,bet27,"source_type=decimal(16,4); LV3退水%數"
ods_a168_bet01,bet28,"source_type=decimal(16,4); LV4退水%數"
ods_a168_bet01,bet29,"source_type=decimal(16,4); LV5退水%數"
ods_a168_bet01,bet30,"source_type=enum(''Y'',''N''); 取消單"
ods_a168_bet01,bet31,source_type=int(11); 桌子編號(Table ID)
ods_a168_bet01,bet32,source_type=int(11); 房間編號(Room ID)
ods_a168_bet01,betwalletid,source_type=text; 下注單一錢包用
ods_a168_bet01,commission,"source_type=int(11); 0.一般,1,免傭"
ods_a168_bet01,ip,source_type=varchar(15); 下注IP
ods_a168_bet01,partnerBetId,source_type=varchar(50); 第三方注單編號
ods_a168_bet02,bet01,source_type=bigint(20); 注單編號
ods_a168_bet02,bet02,source_type=int(11); 遊戲類別編號
ods_a168_bet02,bet03,"source_type=decimal(12,0); 場次編號"
ods_a168_bet02,bet04,source_type=int(11); 子場次編號
ods_a168_bet02,bet05,source_type=int(11); 會員編號
ods_a168_bet02,bet06,source_type=datetime; 開局時間
ods_a168_bet02,bet07,source_type=date; 帳務日期
ods_a168_bet02,bet08,source_type=datetime; 下注時間
ods_a168_bet02,bet09,source_type=varchar(100); 下注內容
ods_a168_bet02,bet10,source_type=int(11); 幣別
ods_a168_bet02,bet11,"source_type=decimal(16,4); 匯率"
ods_a168_bet02,bet12,"source_type=decimal(16,4); 起始點數"
ods_a168_bet02,bet12a,"source_type=decimal(16,4); 起始籌碼"
ods_a168_bet02,bet13,"source_type=decimal(16,4); 下注金額"
ods_a168_bet02,bet14,"source_type=decimal(16,4); 派彩"
ods_a168_bet02,bet15,"source_type=decimal(16,4); 退水％數"
ods_a168_bet02,bet16,"source_type=decimal(16,4); 退水金額"
ods_a168_bet02,bet17,"source_type=decimal(16,4); 結果"
ods_a168_bet02,bet18,source_type=int(11); LV1ID
ods_a168_bet02,bet19,source_type=int(11); LV2ID
ods_a168_bet02,bet20,source_type=int(11); LV3ID
ods_a168_bet02,bet21,source_type=int(11); LV4ID
ods_a168_bet02,bet22,source_type=int(11); LV5ID
ods_a168_bet02,bet23,"source_type=decimal(16,4); LV1佔成"
ods_a168_bet02,bet24,"source_type=decimal(16,4); LV2佔成"
ods_a168_bet02,bet25,"source_type=decimal(16,4); LV3佔成"
ods_a168_bet02,bet26,"source_type=decimal(16,4); LV4佔成"
ods_a168_bet02,bet27,"source_type=decimal(16,4); LV5佔成"
ods_a168_bet02,bet28,"source_type=decimal(16,4); LV1退水%數"
ods_a168_bet02,bet29,"source_type=decimal(16,4); LV2退水%數"
ods_a168_bet02,bet30,"source_type=decimal(16,4); LV3退水%數"
ods_a168_bet02,bet31,"source_type=decimal(16,4); LV4退水%數"
ods_a168_bet02,bet32,"source_type=decimal(16,4); LV5退水%數"
ods_a168_bet02,bet33,"source_type=decimal(16,4); LV1結果"
ods_a168_bet02,bet34,"source_type=decimal(16,4); LV2結果"
ods_a168_bet02,bet35,"source_type=decimal(16,4); LV3結果"
ods_a168_bet02,bet36,"source_type=decimal(16,4); LV4結果"
ods_a168_bet02,bet37,"source_type=decimal(16,4); LV5結果"
ods_a168_bet02,bet38,"source_type=enum(''Y'',''N''); 重對"
ods_a168_bet02,bet39,source_type=int(11); 桌子編號
ods_a168_bet02,bet40,source_type=int(11); 房間編號
ods_a168_bet02,bet41,"source_type=decimal(16,4); 下注退水金額"
ods_a168_bet02,betwalletid,source_type=text; 下注單一錢包用
ods_a168_bet02,resultwalletid,source_type=varchar(50); 結算單一錢包用
ods_a168_bet02,validbet,"source_type=decimal(16,4); 有效投注"
ods_a168_bet02,commission,"source_type=int(11); 0.一般,1,免傭"
ods_a168_bet02,ip,source_type=varchar(15); 下注IP
ods_a168_bet_No,bet01,source_type=bigint(20); 
ods_a168_bet_partner,bet01,source_type=bigint(11); 注單編號
ods_a168_bet_partner,betTime,source_type=datetime; 下注時間
ods_a168_bet_partner,partnerBetId,source_type=varchar(100); 
ods_a168_bet_partner,bet_result,source_type=text; 開獎結果
ods_a168_betchange_log,old_bet01,source_type=bigint(20); 
ods_a168_betchange_log,new_bet01,source_type=bigint(20); 
ods_a168_betchange_log,old_bet05,source_type=int(11); 
ods_a168_betchange_log,new_bet05,source_type=int(11); 
ods_a168_betchange_log,old_bet09,source_type=text; 
ods_a168_betchange_log,new_bet09,source_type=text; 
ods_a168_betchange_log,old_ip,source_type=text; 
ods_a168_betchange_log,new_ip,source_type=text; 
ods_a168_category,op_ip,source_type=varchar(50); 操作者IP
ods_a168_categoryLevel,depositLimitMin,"source_type=decimal(16,4); 最低存款限額, 0為不限制"
ods_a168_categoryLevel,depositLimitMax,"source_type=decimal(16,4); 最高存款限額, 0為不限制"
ods_a168_categoryLevel,withdrawLimitMin,"source_type=decimal(16,4); 最低提款限額, 0為不限制"
ods_a168_categoryLevel,withdrawLimitMax,"source_type=decimal(16,4); 最高提款限額, 0為不限制"
ods_a168_change_log,ip,source_type=varchar(255); 操作者ip
ods_a168_close_tip_list,game_user,source_type=varchar(30); 
ods_a168_currency,iplocation,source_type=text; 允許地區
ods_a168_dailyreport,bet02,source_type=int(11); 遊戲編號
ods_a168_dailyreport,bet05,source_type=int(11); 會員編號
ods_a168_dailyreport,bet13,"source_type=decimal(16,4); 下注金額"
ods_a168_dailyreport,bet14,"source_type=decimal(16,4); 派彩金額"
ods_a168_dailyreport,bet15,"source_type=decimal(16,4); 會員退水%數"
ods_a168_dailyreport,bet41,"source_type=decimal(16,4); 有效投注"
ods_a168_dailyreport,bet18,source_type=int(11); LV1ID
ods_a168_dailyreport,bet19,source_type=int(11); LV2ID
ods_a168_dailyreport,bet20,source_type=int(11); LV3ID
ods_a168_dailyreport,bet21,source_type=int(11); LV4ID
ods_a168_dailyreport,bet22,source_type=int(11); LV5ID
ods_a168_dailyreport,bet23,"source_type=decimal(16,4); LV1佔成"
ods_a168_dailyreport,bet24,"source_type=decimal(16,4); LV2佔成"
ods_a168_dailyreport,bet25,"source_type=decimal(16,4); LV3佔成"
ods_a168_dailyreport,bet26,"source_type=decimal(16,4); LV4佔成"
ods_a168_dailyreport,bet27,"source_type=decimal(16,4); LV5佔成"
ods_a168_dailyreport,bet28,"source_type=decimal(16,4); LV1退水"
ods_a168_dailyreport,bet29,"source_type=decimal(16,4); LV2退水"
ods_a168_dailyreport,bet30,"source_type=decimal(16,4); LV3退水"
ods_a168_dailyreport,bet31,"source_type=decimal(16,4); LV4退水"
ods_a168_dailyreport,bet32,"source_type=decimal(16,4); LV5退水"
ods_a168_dailyreport,bet39,source_type=int(11); 
ods_a168_dailyreport,bet10,source_type=int(11); 幣別
ods_a168_dailyreport,bet11,"source_type=decimal(16,4); 匯率"
ods_a168_dailyreport2,bet02,source_type=int(11); 遊戲編號
ods_a168_dailyreport2,bet05,source_type=int(11); 會員編號
ods_a168_dailyreport2,bet13,"source_type=decimal(16,4); 下注金額"
ods_a168_dailyreport2,bet14,"source_type=decimal(16,4); 派彩金額"
ods_a168_dailyreport2,bet15,"source_type=decimal(16,4); 會員退水%數"
ods_a168_dailyreport2,bet41,"source_type=decimal(16,4); 有效投注"
ods_a168_dailyreport2,bet18,source_type=int(11); LV1ID
ods_a168_dailyreport2,bet19,source_type=int(11); LV2ID
ods_a168_dailyreport2,bet20,source_type=int(11); LV3ID
ods_a168_dailyreport2,bet21,source_type=int(11); LV4ID
ods_a168_dailyreport2,bet22,source_type=int(11); LV5ID
ods_a168_dailyreport2,bet23,"source_type=decimal(16,4); LV1佔成"
ods_a168_dailyreport2,bet24,"source_type=decimal(16,4); LV2佔成"
ods_a168_dailyreport2,bet25,"source_type=decimal(16,4); LV3佔成"
ods_a168_dailyreport2,bet26,"source_type=decimal(16,4); LV4佔成"
ods_a168_dailyreport2,bet27,"source_type=decimal(16,4); LV5佔成"
ods_a168_dailyreport2,bet28,"source_type=decimal(16,4); LV1退水"
ods_a168_dailyreport2,bet29,"source_type=decimal(16,4); LV2退水"
ods_a168_dailyreport2,bet30,"source_type=decimal(16,4); LV3退水"
ods_a168_dailyreport2,bet31,"source_type=decimal(16,4); LV4退水"
ods_a168_dailyreport2,bet32,"source_type=decimal(16,4); LV5退水"
ods_a168_dailyreport2,bet39,source_type=int(11); 
ods_a168_dailyreport2,bet10,source_type=int(11); 幣別
ods_a168_dailyreport2,bet11,"source_type=decimal(16,4); 匯率"
ods_a168_dailyreport_member,bet02,source_type=int(11); 遊戲編號
ods_a168_dailyreport_member,bet05,source_type=int(11); 會員編號
ods_a168_dailyreport_member,bet13,"source_type=decimal(16,4); 下注金額"
ods_a168_dailyreport_member,bet14,"source_type=decimal(16,4); 派彩金額"
ods_a168_dailyreport_member,bet15,"source_type=decimal(16,4); 會員退水%數"
ods_a168_dailyreport_member,bet41,"source_type=decimal(16,4); 有效投注"
ods_a168_dailyreport_member,bet18,source_type=int(11); LV1ID
ods_a168_dailyreport_member,bet19,source_type=int(11); LV2ID
ods_a168_dailyreport_member,bet20,source_type=int(11); LV3ID
ods_a168_dailyreport_member,bet21,source_type=int(11); LV4ID
ods_a168_dailyreport_member,bet22,source_type=int(11); LV5ID
ods_a168_dailyreport_member,bet23,"source_type=decimal(16,4); LV1占成"
ods_a168_dailyreport_member,bet24,"source_type=decimal(16,4); LV2占成"
ods_a168_dailyreport_member,bet25,"source_type=decimal(16,4); LV3占成"
ods_a168_dailyreport_member,bet26,"source_type=decimal(16,4); LV4占成"
ods_a168_dailyreport_member,bet27,"source_type=decimal(16,4); LV5占成"
ods_a168_dailyreport_member,bet28,"source_type=decimal(16,4); LV1退水"
ods_a168_dailyreport_member,bet29,"source_type=decimal(16,4); LV2退水"
ods_a168_dailyreport_member,bet30,"source_type=decimal(16,4); LV3退水"
ods_a168_dailyreport_member,bet31,"source_type=decimal(16,4); LV4退水"
ods_a168_dailyreport_member,bet32,"source_type=decimal(16,4); LV5退水"
ods_a168_dailyreport_member,bet10,source_type=int(11); 幣別
ods_a168_dailyreport_member,bet11,"source_type=decimal(16,4); 匯率"
ods_a168_dailyreport_table,bet02,source_type=int(11); 遊戲編號
ods_a168_dailyreport_table,bet10,source_type=int(11); 幣別
ods_a168_dailyreport_table,bet11,"source_type=decimal(16,4); 匯率"
ods_a168_dailyreport_table,bet13,"source_type=decimal(16,4); 下注金額"
ods_a168_dailyreport_table,bet14,"source_type=decimal(16,4); 派彩金額"
ods_a168_dailyreport_table,bet18,source_type=int(11); LV1ID
ods_a168_dailyreport_table,bet23,"source_type=decimal(16,4); LV1占成"
ods_a168_dailyreport_table,bet28,"source_type=decimal(16,4); LV1退水%數"
ods_a168_dailyreport_table,bet39,source_type=int(11); 桌子編號
ods_a168_dailyreport_table,bet41,"source_type=decimal(16,4); 下注退水金額"
ods_a168_dailyreport_table,validbet,"source_type=decimal(16,4); 有效投注"
ods_a168_dailyreport_usercount,bet05,source_type=int(11); 會員編號
ods_a168_dailyreport_usercount,bet02,source_type=int(11); 遊戲編號
ods_a168_dailyreport_usercount,bet39,source_type=int(11); 桌號
ods_a168_dailyreport_usercount,bet18,source_type=int(11); LV1ID
ods_a168_emp_login,logintime,source_type=datetime; 
ods_a168_emp_login,loginip,source_type=varchar(20); 
ods_a168_employee,account,source_type=varchar(20); 
ods_a168_employee,servicemember,source_type=int(11); 服務會員
ods_a168_employee,lastip,source_type=varchar(20); 
ods_a168_employee,addip,source_type=varchar(20); 
ods_a168_game_demoipsetting,ip,source_type=varchar(20); 
ods_a168_game_log,user_agent,source_type=text; 
ods_a168_game_log,ip,source_type=varchar(100); 登入IP
ods_a168_ipblacklist,ip,source_type=varchar(16); 
ods_a168_iphistory,ip,source_type=varchar(16); 
ods_a168_log_realtimebet,betTime,source_type=datetime; 
ods_a168_log_realtimebet,totalBetMoney,"source_type=decimal(16,4); "
ods_a168_member,chips,source_type=varchar(500); 籌碼選擇
ods_a168_member,tip,"source_type=enum(''Y'',''N''); "
ods_a168_member,wallet,"source_type=enum(''Y'',''N''); "
ods_a168_member,singlebetprompt,"source_type=decimal(15,0); 單注金額告警"
ods_a168_member_partner_account,username,source_type=varchar(30); 第三方遊戲帳號
ods_a168_member_url,account,source_type=varchar(48); 會員帳號
ods_a168_orderslist,bet01,source_type=bigint(20); 注單編號
ods_a168_partner_setting,agent_id,source_type=int(11); 代理 id
ods_a168_partner_transation,agent_id,source_type=int(11); 代理 id
ods_a168_partner_transation,wallet_id,source_type=bigint(20); wallet_dtl 處理 id
ods_a168_passiplist,agentid,source_type=int(11); 
ods_a168_passiplist,account,source_type=varchar(30); 
ods_a168_payment_method,device,"source_type=enum(''web'',''mobile'',''all''); 裝置"
ods_a168_payment_order,wallet_id,source_type=int(11); wallet_dtl 處理 id
ods_a168_payment_order,ip,source_type=varchar(128); 會員 IP
ods_a168_payment_platform,op_ip,source_type=varchar(128); 操作者ip
ods_a168_payment_setting,op_ip,source_type=varchar(128); 操作者ip
ods_a168_realtimelog,betmember,source_type=int(11); 本日累計投注人數
ods_a168_realtimelog,betamount,"source_type=decimal(11,2); 本日累計投注金額"
ods_a168_risklist,bet01,source_type=bigint(20); 注單編號
ods_a168_sms_setting,username,source_type=varchar(20); 帳號
ods_a168_tablelimit,minbet,source_type=int(11); 最小下注(電投用)
ods_a168_tablelimit,maxbet,source_type=int(11); 最大下注(電投用)
ods_a168_tablelimit,tieminbet,source_type=int(11); 
ods_a168_tablelimit,tiemaxbet,source_type=int(11); 
ods_a168_tablelimit,pairminbet,source_type=int(11); 
ods_a168_tablelimit,pairmaxbet,source_type=int(11); 
ods_a168_tablelimit,bettime,source_type=int(3); 下注時間
ods_a168_wallet_dtl,user,source_type=varchar(30); 
ods_a168_wallet_dtl,bet_detail,source_type=text; 
ods_a168_wallet_reporter,bet02,source_type=int(11); 遊戲類別
ods_a168_wallet_reporter,bet03,source_type=int(11); 期數
ods_a168_wallet_reporter,bet04,source_type=int(11); 局號
ods_a168_wallet_reporter,bet22,source_type=int(11); 代理
ods_a168_wallet_reporter_copy,bet02,source_type=int(11); 遊戲類別
ods_a168_wallet_reporter_copy,bet03,source_type=int(11); 期數
ods_a168_wallet_reporter_copy,bet04,source_type=int(11); 局號
ods_a168_wallet_reporter_copy,bet22,source_type=int(11); 代理
