表名,表类型,估计行数,表注释,疑似性质
ods_a168_wallet_reporter_copy,BASE TABLE,182452,,副本
ods_a168_agent_bak20250610,BASE TABLE,43244,,备份
ods_a168_agent_dtl_test,BASE TABLE,57,,测试
ods_a168_agent_test,BASE TABLE,30,,测试
ods_a168_RedPacketSetup,BASE TABLE,1,,生产
ods_a168_RedPacketSetup_setting,BASE TABLE,93,,生产
ods_a168_RedPacket_No,BASE TABLE,0,,生产
ods_a168_RedPacket_Order,BASE TABLE,0,,生产
ods_a168_SMR_log,BASE TABLE,1248061,,生产
ods_a168_age_login,BASE TABLE,27369,,生产
ods_a168_age_sub_login,BASE TABLE,9028,,生产
ods_a168_agent,BASE TABLE,46300,,生产
ods_a168_agent_dtl,BASE TABLE,730997,,生产
ods_a168_agent_elec,BASE TABLE,0,,生产
ods_a168_agent_partner_gamelist,BASE TABLE,45,,生产
ods_a168_agent_permissionrole,BASE TABLE,28,,生产
ods_a168_agent_sub,BASE TABLE,12991,,生产
ods_a168_agents_LoginPass,BASE TABLE,17016,,生产
ods_a168_aggregate_setting,BASE TABLE,38,,生产
ods_a168_aggregate_token,BASE TABLE,14,,生产
ods_a168_aggregate_transaction,BASE TABLE,79,,生产
ods_a168_aisetting,BASE TABLE,10,,生产
ods_a168_alarmMessage,BASE TABLE,1198683,,生产
ods_a168_alertMessage,BASE TABLE,174,,生产
ods_a168_alert_ip_setting,BASE TABLE,18,,生产
ods_a168_apiurl,BASE TABLE,19,,生产
ods_a168_ban_bet_area,BASE TABLE,24175,,生产
ods_a168_bet,BASE TABLE,0,,生产
ods_a168_bet01,BASE TABLE,199387781,,生产
ods_a168_bet02,BASE TABLE,199151240,,生产
ods_a168_bet_No,BASE TABLE,0,,生产
ods_a168_bet_limit_default,BASE TABLE,663,,生产
ods_a168_bet_partner,BASE TABLE,2216642,,生产
ods_a168_betchange_log,BASE TABLE,326554,,生产
ods_a168_category,BASE TABLE,0,,生产
ods_a168_categoryLevel,BASE TABLE,0,,生产
ods_a168_change_log,BASE TABLE,34215,,生产
ods_a168_close_tip_list,BASE TABLE,663,,生产
ods_a168_control,BASE TABLE,223,,生产
ods_a168_control_login,BASE TABLE,306,,生产
ods_a168_conversion,BASE TABLE,2585,,生产
ods_a168_ctl_rto,BASE TABLE,8,,生产
ods_a168_currency,BASE TABLE,36,,生产
ods_a168_dailyreport,BASE TABLE,0,,生产
ods_a168_dailyreport2,BASE TABLE,0,,生产
ods_a168_dailyreport_member,BASE TABLE,14503726,,生产
ods_a168_dailyreport_table,BASE TABLE,526510,,生产
ods_a168_dailyreport_usercount,BASE TABLE,45366214,,生产
ods_a168_emp_login,BASE TABLE,28,,生产
ods_a168_employee,BASE TABLE,1937,,生产
ods_a168_func_counter,BASE TABLE,124,,生产
ods_a168_game_No,BASE TABLE,160303,,生产
ods_a168_game_callwebapi,BASE TABLE,14808,,生产
ods_a168_game_info,BASE TABLE,11826267,,生产
ods_a168_game_info_verify,BASE TABLE,104,,生产
ods_a168_game_log,BASE TABLE,18838472,,生产
ods_a168_game_parame,BASE TABLE,6,,生产
ods_a168_game_result,BASE TABLE,0,,生产
ods_a168_game_statistics,BASE TABLE,1468572,,生产
ods_a168_game_tip,BASE TABLE,31,,生产
ods_a168_game_transfer,BASE TABLE,43,,生产
ods_a168_game_type,BASE TABLE,17,,生产
ods_a168_in_out_m,BASE TABLE,171129575,,生产
ods_a168_in_out_m_chip,BASE TABLE,135945,,生产
ods_a168_ipblacklist,BASE TABLE,366,,生产
ods_a168_iphistory,BASE TABLE,264899,,生产
ods_a168_jackpot,BASE TABLE,1,,生产
ods_a168_keyserver_command,BASE TABLE,7,,生产
ods_a168_log_age_cash_change,BASE TABLE,314964465,,生产
ods_a168_log_mem_change,BASE TABLE,686453,,生产
ods_a168_log_realtimebet,BASE TABLE,24254,,生产
ods_a168_mem_login,BASE TABLE,57422000,,生产
ods_a168_member,BASE TABLE,58779205,,生产
ods_a168_member_category,BASE TABLE,0,,生产
ods_a168_member_click_counter,BASE TABLE,82473,,生产
ods_a168_member_dtl,BASE TABLE,818244985,,生产
ods_a168_member_explosion_setting,BASE TABLE,68,,生产
ods_a168_member_odds,BASE TABLE,0,,生产
ods_a168_member_partner_account,BASE TABLE,9154,,生产
ods_a168_member_partner_gamelist,BASE TABLE,184,,生产
ods_a168_member_url,BASE TABLE,57,,生产
ods_a168_news,BASE TABLE,17,,生产
ods_a168_odds_default,BASE TABLE,8,,生产
ods_a168_opengame_log,BASE TABLE,1,,生产
ods_a168_orderslist,BASE TABLE,145,,生产
ods_a168_partner_bng_token,BASE TABLE,0,,生产
ods_a168_partner_gamelist,BASE TABLE,15,,生产
ods_a168_partner_reportTime,BASE TABLE,1,,生产
ods_a168_partner_setting,BASE TABLE,437,,生产
ods_a168_partner_transation,BASE TABLE,3106849,,生产
ods_a168_partner_transation_log,BASE TABLE,3106851,,生产
ods_a168_partner_type,BASE TABLE,1,,生产
ods_a168_passiplist,BASE TABLE,11,,生产
ods_a168_payment_bank,BASE TABLE,66,,生产
ods_a168_payment_method,BASE TABLE,0,,生产
ods_a168_payment_order,BASE TABLE,0,,生产
ods_a168_payment_platform,BASE TABLE,3,,生产
ods_a168_payment_setting,BASE TABLE,14,,生产
ods_a168_payment_type,BASE TABLE,7,,生产
ods_a168_permissionrole,BASE TABLE,1004,,生产
ods_a168_permissions,BASE TABLE,96,,生产
ods_a168_permissionsPage,BASE TABLE,3,,生产
ods_a168_permissionsPageRoles,BASE TABLE,90,,生产
ods_a168_permissionsgroup,BASE TABLE,10,,生产
ods_a168_play_set,BASE TABLE,16,,生产
ods_a168_realtimebet,BASE TABLE,4290,,生产
ods_a168_realtimelobby,BASE TABLE,5012,,生产
ods_a168_realtimelog,BASE TABLE,58202,,生产
ods_a168_risklist,BASE TABLE,1268825,,生产
ods_a168_roles,BASE TABLE,30,,生产
ods_a168_shuffle_gid,BASE TABLE,19,,生产
ods_a168_shuffle_info,BASE TABLE,0,,生产
ods_a168_site,BASE TABLE,1,,生产
ods_a168_sms_setting,BASE TABLE,1,,生产
ods_a168_stream,BASE TABLE,1,,生产
ods_a168_subagent_permissionrole,BASE TABLE,22,,生产
ods_a168_symbol,BASE TABLE,28,,生产
ods_a168_tablelimit,BASE TABLE,116,,生产
ods_a168_tablelimit_third,BASE TABLE,43,,生产
ods_a168_temp_id_list,BASE TABLE,845,,生产
ods_a168_tip,BASE TABLE,19,,生产
ods_a168_urllist,BASE TABLE,105,,生产
ods_a168_wallet_dtl,BASE TABLE,107571603,,生产
ods_a168_wallet_feedbackerr,BASE TABLE,1179058,,生产
ods_a168_wallet_reporter,BASE TABLE,3092513,,生产
ods_a168_wechat_url,BASE TABLE,8,,生产
ods_a168_white_list,BASE TABLE,6805,,生产
sync_checkpoint,BASE TABLE,79,,生产
ods_a168_game_demoipsetting,BASE TABLE,16,,疑似演示
