field_name,field_value,n_rows,pct_of_field,n_null,n_bet09,n_dates,min_dt,max_dt,n_pnl_zero,n_pnl_pos,n_pnl_neg,pct_pnl_zero,pct_pnl_pos,pct_pnl_neg,n_exact_refund,n_payout_zero,payout_over_stake,verdict_state
bet28,0.0000,118268879,94.126289,0,23,139,2026-03-21,2026-08-06,8156604,68717644,41394631,6.896661,58.102896,35.000443,8156604,68717644,0.980062,NON_STATE —— 三态混杂，该值非结算态之判别
bet28,0.9000,5320259,4.234218,0,16,139,2026-03-21,2026-08-06,354414,3154864,1810981,6.661593,59.299068,34.039339,354414,3154864,0.981582,NON_STATE —— 三态混杂，该值非结算态之判别
bet28,0.8500,1237115,0.984579,0,16,139,2026-03-21,2026-08-06,75774,765968,395373,6.125057,61.915667,31.959276,75774,765968,0.978604,NON_STATE —— 三态混杂，该值非结算态之判别
bet28,0.8000,699899,0.557027,0,16,139,2026-03-21,2026-08-06,47056,412074,240769,6.723256,58.876209,34.400535,47056,412074,0.989159,NON_STATE —— 三态混杂，该值非结算态之判别
bet28,1.0000,119027,0.094730,0,16,139,2026-03-21,2026-08-06,8567,67482,42978,7.197527,56.694700,36.107774,8567,67482,0.987525,NON_STATE —— 三态混杂，该值非结算态之判别
bet28,1.0500,3968,0.003158,0,6,16,2026-04-09,2026-06-09,376,1813,1779,9.475807,45.690524,44.833669,376,1813,0.969107,NON_STATE —— 三态混杂，该值非结算态之判别
bet29,0.0000,118473634,94.289247,0,23,139,2026-03-21,2026-08-06,8172380,68830153,41471101,6.898058,58.097444,35.004498,8172380,68830153,0.980061,NON_STATE —— 三态混杂，该值非结算态之判别
bet29,0.9000,4951186,3.940485,0,16,139,2026-03-21,2026-08-06,326584,2950788,1673814,6.596076,59.597599,33.806324,326584,2950788,0.982290,NON_STATE —— 三态混杂，该值非结算态之判别
bet29,0.8500,1237115,0.984579,0,16,139,2026-03-21,2026-08-06,75774,765968,395373,6.125057,61.915667,31.959276,75774,765968,0.978604,NON_STATE —— 三态混杂，该值非结算态之判别
bet29,0.8000,791834,0.630195,0,16,139,2026-03-21,2026-08-06,52633,468787,270414,6.646974,59.202686,34.150340,52633,468787,0.986696,NON_STATE —— 三态混杂，该值非结算态之判别
bet29,1.0000,118942,0.094662,0,16,139,2026-03-21,2026-08-06,8561,67436,42945,7.197626,56.696541,36.105833,8561,67436,0.987527,NON_STATE —— 三态混杂，该值非结算态之判别
bet29,0.0900,72397,0.057618,0,10,139,2026-03-21,2026-08-06,6477,34861,31059,8.946503,48.152548,42.900949,6477,34861,0.987640,NON_STATE —— 三态混杂，该值非结算态之判别
bet29,1.0500,3968,0.003158,0,6,16,2026-04-09,2026-06-09,376,1813,1779,9.475807,45.690524,44.833669,376,1813,0.969107,NON_STATE —— 三态混杂，该值非结算态之判别
bet29,0.7000,71,0.000057,0,8,14,2026-03-23,2026-07-05,6,39,26,8.450704,54.929578,36.619718,6,39,0.902505,UNRESOLVED —— 样本不足千笔，无判别力
bet30,0.0000,118724740,94.489094,0,23,139,2026-03-21,2026-08-06,8190553,68970904,41563283,6.898775,58.093119,35.008106,8190553,68970904,0.980060,NON_STATE —— 三态混杂，该值非结算态之判别
bet30,0.9000,4785569,3.808676,0,16,139,2026-03-21,2026-08-06,314052,2860700,1610817,6.562480,59.777636,33.659885,314052,2860700,0.982907,NON_STATE —— 三态混杂，该值非结算态之判别
bet30,0.8500,1237115,0.984579,0,16,139,2026-03-21,2026-08-06,75774,765968,395373,6.125057,61.915667,31.959276,75774,765968,0.978604,NON_STATE —— 三态混杂，该值非结算态之判别
bet30,0.8000,710314,0.565315,0,16,139,2026-03-21,2026-08-06,47368,419938,243008,6.668600,59.120051,34.211349,47368,419938,0.989167,NON_STATE —— 三态混杂，该值非结算态之判别
bet30,1.0000,118941,0.094661,0,16,139,2026-03-21,2026-08-06,8561,67435,42945,7.197686,56.696177,36.106137,8561,67435,0.987527,NON_STATE —— 三态混杂，该值非结算态之判别
bet30,0.0900,72397,0.057618,0,10,139,2026-03-21,2026-08-06,6477,34861,31059,8.946503,48.152548,42.900949,6477,34861,0.987640,NON_STATE —— 三态混杂，该值非结算态之判别
bet30,0.7000,71,0.000057,0,8,14,2026-03-23,2026-07-05,6,39,26,8.450704,54.929578,36.619718,6,39,0.902505,UNRESOLVED —— 样本不足千笔，无判别力
bet31,0.0000,119515307,95.118280,0,23,139,2026-03-21,2026-08-06,8248484,69416236,41850587,6.901613,58.081461,35.016926,8248484,69416236,0.980061,NON_STATE —— 三态混杂，该值非结算态之判别
bet31,0.9000,4307373,3.428096,0,16,139,2026-03-21,2026-08-06,280738,2583095,1443540,6.517615,59.969151,33.513234,280738,2583095,0.983179,NON_STATE —— 三态混杂，该值非结算态之判别
bet31,0.8000,1521618,1.211005,0,16,139,2026-03-21,2026-08-06,89543,958904,473171,5.884723,63.018708,31.096570,89543,958904,0.981166,NON_STATE —— 三态混杂，该值非结算态之判别
bet31,1.0000,118941,0.094661,0,16,139,2026-03-21,2026-08-06,8561,67435,42945,7.197686,56.696177,36.106137,8561,67435,0.987527,NON_STATE —— 三态混杂，该值非结算态之判别
bet31,0.3000,117321,0.093372,0,11,139,2026-03-21,2026-08-06,10181,56950,50190,8.677901,48.542034,42.780065,10181,56950,0.997217,NON_STATE —— 三态混杂，该值非结算态之判别
bet31,0.6000,62285,0.049571,0,8,117,2026-03-22,2026-08-06,4686,34316,23283,7.523481,55.095127,37.381392,4686,34316,0.981272,NON_STATE —— 三态混杂，该值非结算态之判别
bet31,0.5000,6231,0.004959,0,5,19,2026-03-26,2026-05-06,592,2870,2769,9.500883,46.060023,44.439095,592,2870,0.965953,NON_STATE —— 三态混杂，该值非结算态之判别
bet31,0.7000,71,0.000057,0,8,14,2026-03-23,2026-07-05,6,39,26,8.450704,54.929578,36.619718,6,39,0.902505,UNRESOLVED —— 样本不足千笔，无判别力
