__source_pk,dt,id,code,url,source_db,source_table,ods_table_name,sync_time
45c48cce2e2d7fbdea1afc51c7c6ad26,2026-07-23,9,8,https://wmtw.m8810.com/,a168,apiurl,ods_a168_apiurl,2026-07-23 04:20:56
c51ce410c124a10e0db5e4b97fc2af39,2026-07-23,13,28,https://wmin.m8810.com/,a168,apiurl,ods_a168_apiurl,2026-07-23 04:20:56
d3d9446802a44259755d38e6d163e820,2026-07-23,10,15,https://wmjp.m8810.com/,a168,apiurl,ods_a168_apiurl,2026-07-23 04:20:56
1679091c5a880faf6fb5e6087eb1b2dc,2026-07-23,6,18,https://wmkr.m8810.com/,a168,apiurl,ods_a168_apiurl,2026-07-23 04:20:56
9bf31c7ff062936a96d3c8bd1f8f2ff3,2026-07-23,15,4,https://wmtw.m8810.com/,a168,apiurl,ods_a168_apiurl,2026-07-23 04:20:56
aab3238922bcc25a6f606eb525ffdc56,2026-07-23,14,25,https://wmvn.m8810.com/,a168,apiurl,ods_a168_apiurl,2026-07-23 04:20:56
c20ad4d76fe97759aa27a0c99bff6710,2026-07-23,12,24,https://wmvn.m8810.com/,a168,apiurl,ods_a168_apiurl,2026-07-23 04:20:56
c81e728d9d4c2f636f067f89cc14862c,2026-07-23,2,16,https://wmmy.m8810.com/,a168,apiurl,ods_a168_apiurl,2026-07-23 04:20:56
1f0e3dad99908345f7439f8ffabdffc4,2026-07-23,19,15,fortest,a168,apiurl,ods_a168_apiurl,2026-07-23 04:20:56
6f4922f45568161a8cdf4ad2299f6d23,2026-07-23,18,14,https://wmtw.m8810.com/,a168,apiurl,ods_a168_apiurl,2026-07-23 04:20:56
70efdf2ec9b086079795c442636b55fb,2026-07-23,17,31,https://wmtw.m8810.com/,a168,apiurl,ods_a168_apiurl,2026-07-23 04:20:56
c74d97b01eae257e44aa9d5bade97baf,2026-07-23,16,29,https://wmtw.m8810.com/,a168,apiurl,ods_a168_apiurl,2026-07-23 04:20:56
c9f0f895fb98ab9159f51fd0297e236d,2026-07-23,8,20,https://wmsg.m8810.com/,a168,apiurl,ods_a168_apiurl,2026-07-23 04:20:56
e4da3b7fbbce2345d7772b0674a318d5,2026-07-23,5,13,https://wmth.m8810.com/,a168,apiurl,ods_a168_apiurl,2026-07-23 04:20:56
eccbc87e4b5ce2fe28308fd9f2a7baf3,2026-07-23,3,17,https://wmmy.m8810.com/,a168,apiurl,ods_a168_apiurl,2026-07-23 04:20:56
6512bd43d9caa6e02c990b0a82652dca,2026-07-23,11,23,https://wmvn.m8810.com/,a168,apiurl,ods_a168_apiurl,2026-07-23 04:20:56
8f14e45fceea167a5a36dedd4bea2543,2026-07-23,7,1,https://wmtc.hbhbnk.com,a168,apiurl,ods_a168_apiurl,2026-07-23 04:20:56
a87ff679a2f3e71d9181a67b7542122c,2026-07-23,4,19,https://wmmy.m8810.com/,a168,apiurl,ods_a168_apiurl,2026-07-23 04:20:56
c4ca4238a0b923820dcc509a6f75849b,2026-07-23,1,0,https://cato1.satino88.com/,a168,apiurl,ods_a168_apiurl,2026-07-23 04:20:56
