序号,CSV名称,实体,net_margin,risk_usage,声明分区,实际谓词,六层段列数,逾基准列数,源维度(原列),建议层
1,A_anchor.csv,IP,OK,SCREENING,recent（s.x_rec = 1）,b.dt>=2026-07-08,123,0,g.ip|n_orders|n_member|first_dt|last_dt,I 可采
2,B01_bt_panel.csv,会员,WRONG_GRAIN,NOT_FOR_DECISION,recent（s.x_rec = 1）,b.dt>=2026-07-08,123,0,member_id|bet_date|stake|game_pnl|net_pnl|rebate|validbet|n_rounds|n_tables|n_ip|late_def|late_share_d|hedge_rate_d|stake_cv_d,III 先修粒度
3,B01_bt_panel_delta.csv,会员,WRONG_GRAIN,NOT_FOR_DECISION,recent（s.x_rec = 1）,b.dt>=2026-07-08,123,0,member_id|bet_date|stake|game_pnl|net_pnl|rebate|validbet|n_rounds|n_tables|n_ip|late_def|late_share_d|hedge_rate_d|stake_cv_d,III 先修粒度
4,B4_2b_funnel_and_mu0.csv,全窗/元数据,INVALID,NOT_FOR_DECISION,freecomm（s.x_freecomm = 1）,freecomm（s.x_freecomm = 1）,123,0,n_raw|f.n_g1|f.n_g2|f.n_g3|f.n_g4|f.n_g5|f.n_g6|f.n_g7|f.n_g8|f.n_lv1|f.n_lv2|f.n_lv3|f.n_lv4|f.n_lv5|f.n_any_test|mu0_global_dirty_ew_pct|mu0_global_clean_ew_pct|contamination_pp|n_groups|mu0_min_pct|mu0_max_pct|abs_min|abs_max|n_near_zero|spread_ratio|verdict_spread,III 先修粒度
5,B4_5b_tip_nature.csv,IP,OK,SCREENING,freecomm（s.x_freecomm = 1）,freecomm（s.x_freecomm = 1）,123,0,bet09_value|n_rows|n_members|n_days|n_b13_blank|n_b13_zero|n_b13_pos|n_b14_blank|n_b14_zero|n_b14_pos|n_both_pos|n_b13pos_b14zero|b13_sum|b14_sum|n_comm|verdict_nature,I 可采
6,B_online_base.csv,桌台,WRONG_GRAIN,NOT_FOR_DECISION,recent（s.x_rec = 1）,b.dt>=2026-07-08,123,0,table_id|sec_elapsed|n_orders|n_player|n_rounds|valid_bet|game_pnl,III 先修粒度
7,C01_ip_chain.csv,IP,OK,SCREENING,recent（s.x_rec = 1）,b.dt>=2026-07-08,135,12,bet_ip|n_member|n_lv3_chain|n_lv1_chain|n_lv2_chain|n_lv4_chain|n_lv5_chain|n_chain_key,I 可采
8,C06_hedge_pairs.csv,IP,WRONG_GRAIN,SCREENING,hedge（h.n_side >= 2）,hedge（h.n_side >= 2）,123,0,bet_ip|m_a|m_b|n_same_round|n_opposite_round|opposite_rate|hedge_coverage,II 描述
9,C06d_hedge_pairs_dated.csv,会员,WRONG_GRAIN,NOT_FOR_DECISION,hedge（h.n_side >= 2）,hedge（h.n_side >= 2）,123,0,a.bet_ip|m_a|m_b|n_same_round|n_opposite_round|opposite_rate|first_opposite_dt|last_opposite_dt|n_opposite_days,III 先修粒度
10,C08_subnet_all.csv,网段,INVALID,SCREENING,recent（s.x_rec = 1）,b.dt>=2026-07-08,130,7,subnet_24|n_ip|n_member|n_lv3_chain|n_lv1_chain|n_lv2_chain|n_lv4_chain|n_lv5_chain,II 描述
11,C08_subnet_sparse.csv,网段,INVALID,SCREENING,recent（s.x_rec = 1）,b.dt>=2026-07-08,130,7,subnet_24|n_ip|n_member|n_lv3_chain|n_lv1_chain|n_lv2_chain|n_lv4_chain|n_lv5_chain,II 描述
12,D03S_daily_roi_diff.csv,日期,OK,REFERENCE,recent（s.x_rec = 1）,b.dt>=2026-07-08,123,0,bet_date|n_rounds|vb_tail|vb_norm|roi_tail|roi_norm|roi_diff,II 描述
13,DICT_01a_bet41_tri.csv,全窗/元数据,INVALID,NOT_FOR_DECISION,hiturn（s.x_valid > s.x_stake）,hiturn（s.x_valid > s.x_stake）,123,0,scope|n_rows|sum_stake|sum_validbet|sum_bet41|sum_bet16|r41_vb|r16_vb|r_vb_stake|avg_bet15_pct|n_41_eq_vb|n_41_eq_16|pct_41_eq_vb|verdict_bet41,III 先修粒度
14,DICT_01b_roundkey_card.csv,全窗/元数据,INVALID,NOT_FOR_DECISION,recent（s.x_rec = 1）,b.dt>=2026-07-08,123,0,scope|n_rows|nd_bet03|nd_bet04|nd_bet39|nd_bet40|min_bet04|max_bet04|min_bet39|max_bet39|nd_round_key|nd_shoe_table|avg_bets_per_round|verdict_key,III 先修粒度
15,DICT_01c_dimension.csv,全窗/元数据,INVALID,NOT_FOR_DECISION,recent（s.x_rec = 1）,b.dt>=2026-07-08,123,0,scope|n_rows|avg_validbet|max_bet23|avg_bet23|max_bet27|max_bet28|avg_bet28|max_bet32|max_bet15|avg_sum_comm|verdict_dimension,III 先修粒度
16,DICT_01d_bet_latency.csv,全窗/元数据,OK,REFERENCE,recent（s.x_rec = 1）,b.dt>=2026-07-08,123,0,table_id|n_rows|n_members|n_b06_null|n_b08_null|n_negative|lat_min|lat_avg|lat_max|lat_p01|lat_p50|lat_p99|lat_sd|verdict_latency,II 描述
17,DX04_bet09_profile.csv,产品,OK,SUPPORT,freecomm（s.x_freecomm = 1）,freecomm（s.x_freecomm = 1）,123,0,bet_side|n_orders|n_member|stake_total|player_pnl|house_hold_pct|win_rate_base|avg_stake|stake_cv,I 可采
18,DX05_product_panorama.csv,产品,OK,SUPPORT,freecomm（s.x_freecomm = 1）,freecomm（s.x_freecomm = 1）,123,0,product_code|scope|n_orders|n_member|n_dealer|stake_total|validbet_total|player_pnl|ggr|house_hold_pct|rebate_total|rebate_rate|order_share|stake_share,I 可采
19,E02_segment_econ.csv,全窗/元数据,INVALID,NOT_FOR_DECISION,hiturn（s.x_valid > s.x_stake）,hiturn（s.x_valid > s.x_stake）,123,0,segment|n_member|validbet|ggr|rebate|commission|comm_scale|reb_scale|tenure_months,III 先修粒度
20,EV01_disposal_events.csv,日期,WRONG_GRAIN,NOT_FOR_DECISION,post（s.x_rec = 1）,b.dt>=2026-07-08,123,0,event_id|event_time|event_date|fn|operator|operator_ip|event_type|member_login|table_ref|round_ref|whitelist_ip|is_cancel|content_len,III 先修粒度
21,EV02_member_disposal.csv,会员,WRONG_GRAIN,NOT_FOR_DECISION,post（s.x_rec = 1）,b.dt>=2026-07-08,123,0,event_id|event_date|event_time|type_code|action|operator|event_type|val_before|val_after|summary|is_batch|stmt_len,III 先修粒度
22,I_ip_agg.csv,IP,OK,SCREENING,recent（s.x_rec = 1）,b.dt>=2026-07-08,123,0,window_id|bet_ip|n_member_raw|n_member_eff|n_prof_A|n_prof_B|n_prof_C|n_orders|n_rounds|stake|net_pnl|game_pnl|share_p50|share_p90,I 可采
23,I_ip_player.csv,会员,WRONG_GRAIN,NOT_FOR_DECISION,recent（s.x_rec = 1）,b.dt>=2026-07-08,129,6,b.bet_ip|b.member_id|lv3|lv1|lv2|lv4|lv5|chain_key|n_chain_key|n_orders_ip|n_rounds_ip|stake_ip|game_pnl_ip|rebate_ip,III 先修粒度
24,K01_risk_feature_matrix.csv,会员,WRONG_GRAIN,NOT_FOR_DECISION,alarm（s.x_rec = 1）,b.dt>=2026-07-08,123,0,f.member_id|is_seed|f.n_rounds|f.n_days|f.n_tables|f.n_ip|f.n_dealer|side_entropy|f.stake_cv|f.stake_p90_p50|f.hedge_rate|f.rebate_dep|f.night_share|f.roi_game|f.validbet,III 先修粒度
25,K01b_seed_goldip.csv,会员,WRONG_GRAIN,NOT_FOR_DECISION,recent（s.x_rec = 1）,b.dt>=2026-07-08,123,0,member_id|seed_src,III 先修粒度
26,K01b_seed_manual.csv,会员,WRONG_GRAIN,NOT_FOR_DECISION,alarm（s.x_rec = 1）,b.dt>=2026-07-08,123,0,member_id|seed_src,III 先修粒度
27,K01c_seed_dated.csv,IP,WRONG_GRAIN,SCREENING,recent（s.x_rec = 1）,b.dt>=2026-07-08,123,0,seed_id|seed_ip|creator|addtime|add_date|remarks,II 描述
28,L_label_dist.csv,全窗/元数据,INVALID,NOT_FOR_DECISION,alarm（s.x_rec = 1）,b.dt>=2026-07-08,123,0,risk|orders|n_rows|n_member|first_dt|last_dt,III 先修粒度
29,P01A_crosstab.csv,全窗/元数据,INVALID,NOT_FOR_DECISION,hiturn（s.x_valid > s.x_stake）,hiturn（s.x_valid > s.x_stake）,123,0,n_rows|bet16_null|bet16_zero|bet16_nonzero|bet41_null|bet41_zero|bet41_nonzero|equal_n|unequal_n|both_zero_n|b16zero_b41pos_n|both_pos_n|b16pos_b41zero_n,III 先修粒度
30,P01B_diff_ratio.csv,全窗/元数据,INVALID,NOT_FOR_DECISION,hiturn（s.x_valid > s.x_stake）,hiturn（s.x_valid > s.x_stake）,123,0,n|diff_min|diff_p50|diff_p90|diff_p99|diff_max|ratio_min|ratio_p01|ratio_p50|ratio_p99|ratio_max,III 先修粒度
31,P01C_split_by_dim.csv,产品,INVALID,NOT_FOR_DECISION,hiturn（s.x_valid > s.x_stake）,hiturn（s.x_valid > s.x_stake）,123,0,ym|bet09|commission|bet10|n|equal_n|unequal_n|b16_nonzero_n|b41_nonzero_n|avg_b16|avg_b41|avg_diff|p50_b16|p50_b41,III 先修粒度
32,P01D_vs_validbet.csv,全窗/元数据,INVALID,NOT_FOR_DECISION,hiturn（s.x_valid > s.x_stake）,hiturn（s.x_valid > s.x_stake）,123,0,n|comparable_n|plausible_n|r41_p01|r41_p50|r41_p90|r41_p99|r16_p50|r16_p99,III 先修粒度
33,P01E_identity_test.csv,风控专员,INVALID,NOT_FOR_DECISION,hiturn（s.x_valid > s.x_stake）,hiturn（s.x_valid > s.x_stake）,123,0,hypothesis|n|exact_match_n|exact_match_rate|abs_err_p50|abs_err_p95|abs_err_p99|abs_err_max,III 先修粒度
34,P02A_lmc_samples.csv,全窗/元数据,INVALID,NOT_FOR_DECISION,post（s.x_rec = 1）,b.dt>=2026-07-08,123,0,类别|取样端|異動時間|实体ID|层级|操作者|操作者LV|操作IP|内容原文,III 先修粒度
35,P02B_changestatus_patterns.csv,全窗/元数据,INVALID,NOT_FOR_DECISION,post（s.x_rec = 1）,b.dt>=2026-07-08,123,0,内容前40字|n|涉实体数|最早|最晚|其中层级7数,III 先修粒度
36,P02C_key_check.csv,全窗/元数据,INVALID,NOT_FOR_DECISION,post（s.x_rec = 1）,b.dt>=2026-07-08,123,0,层级|日志行数|去重实体数|实体ID为0之脏行|命中注单会员数|命中去重实体数|最早|最晚,III 先修粒度
37,P02D_events_in_window.csv,全窗/元数据,INVALID,NOT_FOR_DECISION,post（s.x_rec = 1）,b.dt>=2026-07-08,123,0,类别|层级|窗口内行数|涉实体数,III 先修粒度
38,P0C02_标签口径.csv,全窗/元数据,INVALID,NOT_FOR_DECISION,recent（s.x_rec = 1）,b.dt>=2026-07-08,123,0,产品口径|正例观测数_会员日|正例会员数_去重|覆盖日数|首个正例日|末个正例日,III 先修粒度
39,P0C03_标记次数分布.csv,全窗/元数据,INVALID,NOT_FOR_DECISION,recent（s.x_rec = 1）,b.dt>=2026-07-08,123,0,标记次数|会员数|累计会员数,III 先修粒度
40,P0C04_同日泄漏检验.csv,全窗/元数据,INVALID,NOT_FOR_DECISION,hiturn（s.x_valid > s.x_stake）,hiturn（s.x_valid > s.x_stake）,123,0,d0.mem|d0.mark_day|标记日_注单数|标记日_洗码量|前30日均_注单数|前30日均_洗码量|前30日活跃日数,III 先修粒度
41,P0C05_标记时点定位.csv,全窗/元数据,INVALID,NOT_FOR_DECISION,recent（s.x_rec = 1）,b.dt>=2026-07-08,123,0,d0.mem|d0.mark_day|life.首投日|life.末投日|life.活跃日数|标记距首投_日|末投距标记_日|时点性质,III 先修粒度
42,P0C06_LabelB骨架.csv,全窗/元数据,INVALID,NOT_FOR_DECISION,hedge（h.n_side >= 2）,hedge（h.n_side >= 2）,123,0,a.mem|a.anchor_day|特征窗起|特征窗止|结果窗起|结果窗止|label_b_未来14日被标记|label_a_当日被标记,III 先修粒度
43,P0C09_安慰剂检验.csv,全窗/元数据,INVALID,NOT_FOR_DECISION,hiturn（s.x_valid > s.x_stake）,hiturn（s.x_valid > s.x_stake）,123,0,a.mem|参照日|参照日_注单数|参照日_洗码量|前30日均_注单数|前30日均_洗码量|前30日活跃日数,III 先修粒度
44,P11_阿泽尾段投注总帐.csv,全窗/元数据,INVALID,NOT_FOR_DECISION,"late（s.x_rno*1.0/NULLIF(p.max_rno,0) >= 0.80）","late（s.x_rno*1.0/NULLIF(p.max_rno,0) >= 0.80）",123,0,b.scope_def|b.n_orders|n_orders_pct|b.n_members|n_members_pct|b.n_lv1|b.n_lv2|b.n_lv3|b.n_lv4|b.n_lv5|stake_sum|stake_pct|validbet_sum|validbet_pct|ggr_sum|ggr_pct|rebate16_sum|rebate16_pct|rebate41_sum|ngr_by16|ngr_by16_pct,III 先修粒度
45,P11_阿泽尾段投注模型会员名单.csv,会员,WRONG_GRAIN,NOT_FOR_DECISION,"late（s.x_rno*1.0/NULLIF(p.max_rno,0) >= 0.80）","late（s.x_rno*1.0/NULLIF(p.max_rno,0) >= 0.80）",123,0,player_id|total_orders|late_orders|late_ratio|win_orders|win_rate|valid_bet|profit|roi,III 先修粒度
46,P11_雷欧尾段投注总帐.csv,全窗/元数据,INVALID,NOT_FOR_DECISION,"late（s.x_rno*1.0/NULLIF(p.max_rno,0) >= 0.80）","late（s.x_rno*1.0/NULLIF(p.max_rno,0) >= 0.80）",123,0,b.scope_def|b.n_orders|n_orders_pct|b.n_members|n_members_pct|b.n_lv1|b.n_lv2|b.n_lv3|b.n_lv4|b.n_lv5|stake_sum|stake_pct|validbet_sum|validbet_pct|ggr_sum|ggr_pct|rebate16_sum|rebate16_pct|rebate41_sum|ngr_by16|ngr_by16_pct,III 先修粒度
47,P12a_platform_daily.csv,日期,OK,REFERENCE,recent（s.x_rec = 1）,b.dt>=2026-07-08,123,0,dt|n_orders|n_members|stake_sum|validbet_sum|ggr_sum|late_stake_share|stake_ramp_day|hold_pct,II 描述
48,P12b_member_events.csv,会员,WRONG_GRAIN,NOT_FOR_DECISION,post（s.x_rec = 1）,b.dt>=2026-07-08,123,0,m.uid|m.first_dt|m.last_dt|m.active_days|span_days|m.n_orders|f.mark_dt|censor_flag,III 先修粒度
49,P12c_member_daily_pnl.csv,会员,WRONG_GRAIN,NOT_FOR_DECISION,recent（s.x_rec = 1）,b.dt>=2026-07-08,123,0,g.uid|g.dt|day_orders|day_stake|day_vb|day_pnl,III 先修粒度
50,P13_personal_entry.csv,会员,OK,PRIMARY,"late（s.x_rno*1.0/NULLIF(p.max_rno,0) >= 0.80）","late（s.x_rno*1.0/NULLIF(p.max_rno,0) >= 0.80）",123,0,uid|n_shoes|n_orders|entry_pos_p50|exit_pos_p50|bet_density_p50|entry_round_avg,I 可采
51,PH0_8r1_rg_case.csv,日期,WRONG_GRAIN,NOT_FOR_DECISION,pre_rg（s.x_rec = 1）,b.dt>=2026-07-08,123,0,dt_day|category|target_id|operator_id|change_time|operator_ip|content_full|sql_full,III 先修粒度
52,PH0_8r2_rg_crosstable.csv,桌台,INVALID,NOT_FOR_DECISION,pre_rg（s.x_rec = 1）,b.dt>=2026-07-08,123,0,src|n_rows|n_rg_true|n_biz_control|n_nonblank,III 先修粒度
53,PI01_treatment_delta_member.csv,会员,WRONG_GRAIN,NOT_FOR_DECISION,post（s.x_rec = 1）,b.dt>=2026-07-08,123,0,member_id|treat_time|treat_field|n_treat_events|a.n_pre|a.n_post|a.d_pre|a.d_post|stake_pre|stake_post|d_stake|d_validbet|d_revenue|hold_pre_pct|hold_post_pct|d_hold_pct|roi_pre|roi_post|d_roi|d_bets_per_day|verdict_exposure,III 先修粒度
54,PI02_treatment_delta_platform.csv,全窗/元数据,INVALID,NOT_FOR_DECISION,post（s.x_rec = 1）,b.dt>=2026-07-08,123,0,cohort|phase|n_members|n_bets|n_dates|sum_stake|sum_validbet|sum_revenue|hold_pct|roi|revenue_per_member|share_of_stake_pct|share_of_revenue_pct,III 先修粒度
55,PI03_reinvest_loop.csv,全窗/元数据,INVALID,NOT_FOR_DECISION,loss（s.x_net < 0）,loss（s.x_net < 0）,123,0,prev_outcome|n_pairs|n_members|n_negative_gap|gap_p10|gap_p50|gap_p90|gap_avg|ratio_p50|ratio_p90|ratio_avg|n_double_up|pct_double_up,III 先修粒度
56,PI04_member_5d_profile.csv,会员,OK,PRIMARY,recent（s.x_rec = 1）,b.dt>=2026-07-08,123,0,member_id|n_bets|n_active_days|bets_per_day|n_bet_types|sum_stake|sum_validbet|sum_revenue|hold_pct|roi|n_tables|n_comm_mode|first_date|last_date|span_days|night_share_pct|avg_latency_sec|share_stake_pct|share_revenue_pct|verdict_observability,I 可采
57,P_player_month.csv,会员,WRONG_GRAIN,NOT_FOR_DECISION,recent（s.x_rec = 1）,b.dt>=2026-07-08,123,0,member_id|ym|n_rounds|n_days|valid_bet|game_pnl|rebate|net_pnl|roi,III 先修粒度
58,QSB_01a_category_census.csv,全窗/元数据,INVALID,NOT_FOR_DECISION,freecomm（s.x_freecomm = 1）,freecomm（s.x_freecomm = 1）,123,0,category_value|n_rows|pct_of_total|n_members|n_dates|min_dt|max_dt|n_bet09|n_b14_null|n_b14_zero|n_b14_pos|n_pnl_zero|n_pnl_house_win|n_pnl_player_win|n_vb_zero|n_b41_zero|stake_sum|payout_sum|validbet_sum|n_rebet_flag|n_commission|shape_hint,III 先修粒度
59,QSB_01c_cat1_contamination.csv,产品,OK,SUPPORT,freecomm（s.x_freecomm = 1）,freecomm（s.x_freecomm = 1）,123,0,bet09_value|n_rows|n_b14_null|n_b13_null|n_b13_zero|n_pnl_zero_stake_pos|n_exact_refund|pct_pnl_zero|stake_sum|verdict_contamination,I 可采
60,QSB_02a_lowcard_fields.csv,全窗/元数据,INVALID,NOT_FOR_DECISION,freecomm（s.x_freecomm = 1）,freecomm（s.x_freecomm = 1）,123,0,scope|n_rows|nd_bet04|nd_bet06|nd_bet07|nd_bet10|nd_bet23|nd_bet24|nd_bet25|nd_bet26|nd_bet28|nd_bet29|nd_bet30|nd_bet31|nd_bet40|nd_bet38|nd_category|nd_commission,III 先修粒度
61,QSB_02b2_lowcard_five_gates.csv,全窗/元数据,INVALID,NOT_FOR_DECISION,freecomm（s.x_freecomm = 1）,freecomm（s.x_freecomm = 1）,123,0,field_name|field_value|n_rows|pct_of_field|n_null|n_bet09|n_dates|min_dt|max_dt|n_pnl_zero|n_pnl_pos|n_pnl_neg|pct_pnl_zero|pct_pnl_pos|pct_pnl_neg|n_exact_refund|n_payout_zero|payout_over_stake|verdict_state,III 先修粒度
62,QSB_02b_state_cross.csv,全窗/元数据,INVALID,NOT_FOR_DECISION,freecomm（s.x_freecomm = 1）,freecomm（s.x_freecomm = 1）,123,0,field_name|field_value|n_rows|n_pnl_zero|n_pnl_pos|n_pnl_neg|n_payout_zero|n_bet09|verdict_align,III 先修粒度
63,QSB_02c_push_by_family.csv,会员,INVALID,NOT_FOR_DECISION,freecomm（s.x_freecomm = 1）,freecomm（s.x_freecomm = 1）,123,0,bet09_family|n_bet09_in_family|n_rows|n_pnl_zero|pct_pnl_zero|n_exact_refund|n_payout_zero_stake_pos|pct_player_win|mu0_pct|verdict_family,III 先修粒度
64,R01_late_shoe.csv,会员,OK,PRIMARY,"late（s.x_rno*1.0/NULLIF(p.max_rno,0) >= 0.80）","late（s.x_rno*1.0/NULLIF(p.max_rno,0) >= 0.80）",123,0,uid|n_orders_all|n_orders_late|late_def|late_share|shoe_pos_p50|stake_late_avg|stake_early_avg|stake_ramp|roi_late|roi_early|stake_late|game_pnl_late|stake_all|game_pnl_all,I 可采
65,R01_late_shoe_w2.csv,会员,OK,PRIMARY,"late（s.x_rno*1.0/NULLIF(p.max_rno,0) >= 0.80）","late（s.x_rno*1.0/NULLIF(p.max_rno,0) >= 0.80）",123,0,uid|n_orders_all|n_orders_late|late_def|late_share|shoe_pos_p50|stake_late_avg|stake_early_avg|stake_ramp|roi_late|roi_early|stake_late|game_pnl_late|stake_all|game_pnl_all,I 可采
66,R01anm_shoe_anomaly.csv,桌台,WRONG_GRAIN,NOT_FOR_DECISION,"late（s.x_rno*1.0/NULLIF(p.max_rno,0) >= 0.80）","late（s.x_rno*1.0/NULLIF(p.max_rno,0) >= 0.80）",123,0,s.dt|s.table_id|s.shoe_id|s.max_round|s.min_round|s.rounds_with_bet|s.gap|s.n_bettors|s.n_bets|anomaly_type|hi_cut_used,III 先修粒度
67,R01chk_shoe_len_by_table.csv,桌台,WRONG_GRAIN,NOT_FOR_DECISION,"late（s.x_rno*1.0/NULLIF(p.max_rno,0) >= 0.80）","late（s.x_rno*1.0/NULLIF(p.max_rno,0) >= 0.80）",123,0,z.table_id|table_flag|z.n_shoes|o.n_shoes_old|n_shoes_delta|avg_max_round|avg_max_round_old|avg_maxround_inflation|sd_max_round|z.min_max_round|z.ceiling_observed|o.ceiling_old|p50_max_round|p90_max_round|p99_max_round|collision_flag|z.n_stub_shoes|avg_gap|avg_n_bettors|avg_bets_per_round|round_at_pos080|corr_len_density|corr_density_lo95|corr_density_hi95|corr_density_verdict|corr_len_bettors|corr_bettors_lo95|corr_bettors_hi95,III 先修粒度
68,R01inv_shoe_len_census.csv,桌台,INVALID,NOT_FOR_DECISION,"late（s.x_rno*1.0/NULLIF(p.max_rno,0) >= 0.80）","late（s.x_rno*1.0/NULLIF(p.max_rno,0) >= 0.80）",123,0,n_tables|n_shoes|mean_len|sd_len|p0|p01|p25|p50|p75|p90|p99|p100|n_len_ge_70|n_len_le_5|pct_with_gap|avg_gap|corr_cross_table|round_at_080_shortest|round_at_080_longest,III 先修粒度
69,R02_same_table.csv,会员,WRONG_GRAIN,NOT_FOR_DECISION,same（c.n_seat >= 2）,same（c.n_seat >= 2）,123,0,p.uid1|p.uid2|n_same_orders|rounds_1|rounds_2|same_rate|jaccard|lift|e.exp_same|p.n_tables|p.first_day|p.last_day,III 先修粒度
70,R03_player_dealer.csv,会员,WRONG_GRAIN,NOT_FOR_DECISION,recent（s.x_rec = 1）,b.dt>=2026-07-08,123,0,uid|pdw.dealer_id|pdw.is_sentinel_dealer|stake_amount|profit_amount|pdw.net_pnl|win_rate|n_related_orders|pdw.n_rounds_eff|pdw.p_base_mix_w|pdw.p_base_mix_unw|total_bet_amount|n_bets|z_score_w|z_score_unw|z_score|delta_p|delta_z|pdw.net_pnl_all|pdw.game_pnl_all|pdw.stake_all|win_rate_all|win_rate_other|eligibility_status|eligibility_min_n|eligibility_rule|filter_stage|filter_rule_version|comparison_id|cmp_time_window|cmp_population|cmp_label|z_score_alias_status,III 先修粒度
71,R03b_player_dealer_daily.csv,会员,WRONG_GRAIN,NOT_FOR_DECISION,recent（s.x_rec = 1）,b.dt>=2026-07-08,123,0,p.bet_date|uid|p.dealer_id|p.is_sentinel_dealer|stake_amount|profit_amount|net_pnl|win_rate|n_related_orders|n_rounds_eff|p_base_mix_w|p_base_mix_unw|z_score_w|z_score_unw|z_score|delta_p|eligibility_status|comparison_id|filter_stage|filter_rule_version|cmp_time_window|cmp_population|cmp_label|z_score_alias_status,III 先修粒度
72,R03chk_settlement_form.csv,投注面,OK,REFERENCE,recent（s.x_rec = 1）,b.dt>=2026-07-08,123,0,bet_side|n_rounds|n_push|push_rate|p_base_dnb|p_base_incl,II 描述
73,R03inv_pair_census.csv,会员配对,INVALID,SCREENING,recent（s.x_rec = 1）,b.dt>=2026-07-08,123,0,eligibility_status|n_bucket|n_pairs|n_members|n_dealers|n_rounds_total,II 描述
74,R_rebate_dist.csv,全窗/元数据,INVALID,NOT_FOR_DECISION,hiturn（s.x_valid > s.x_stake）,hiturn（s.x_valid > s.x_stake）,123,0,rebate_rate|n_member|pct,III 先修粒度
75,S01_player_score.csv,会员,OK,PRIMARY,recent（s.x_rec = 1）,b.dt>=2026-07-08,131,8,b.member_id|流水贡献|游戏输赢贡献|活跃稳定|退水支出|n_ip|n_chain|lv1_id|lv2_id|lv3_id|lv4_id,I 可采
76,S02_dealer_score.csv,荷官,OK,SUPPORT,recent（s.x_rec = 1）,b.dt>=2026-07-08,123,0,b.dealer_id|在桌洗码量|客群广度|n_rounds|n_tables|桌面输赢|当值时长|节奏稳定度|特定玩家复现率,I 可采
77,S02b_dealer_pace.csv,荷官,OK,SUPPORT,recent（s.x_rec = 1）,b.dt>=2026-07-08,123,0,d.dealer_id|平均每局秒数|局速,I 可采
78,S03_agent_score.csv,代理线,INVALID,NOT_FOR_DECISION,,,0,-123,agent_level|agent_id|top_agent_id|parent_agent_id|is_test_line|n_bets_all|n_bets_prod|n_bets_testline|n_members_all,III 先修粒度
79,S04_analyst_score.csv,风控专员,NULL,NOT_FOR_DECISION,recent（s.x_rec = 1）,b.dt>=2026-07-08,123,0,entity_id|标注产量|覆盖IP广度|判定详尽度|理由空白数|首次登记|最近登记,III 先修粒度
80,S05_member_month_panel.csv,会员,WRONG_GRAIN,NOT_FOR_DECISION,recent（s.x_rec = 1）,b.dt>=2026-07-08,131,8,b.member_id|bet_date|流水贡献|游戏输赢贡献|活跃稳定|退水支出|n_ip|n_chain|lv1_id|lv2_id,III 先修粒度
81,S_player_tail.csv,会员,OK,PRIMARY,recent（s.x_rec = 1）,b.dt>=2026-07-08,123,0,member_id|n_rounds_all|n_rounds_tail|tail_share|tail_win|tail_lose|tail_winrate|norm_winrate|winrate_diff|tail_stake|tail_valid_bet|tail_game_pnl|tail_rebate|tail_net_pnl|tail_roi|norm_game_pnl|norm_roi|tail_profit_share,I 可采
82,S_second_dist.csv,桌台,OK,SUPPORT,recent（s.x_rec = 1）,b.dt>=2026-07-08,123,0,table_id|n_orders|p50|p75|p90|p95|p99|max_progress,I 可采
83,T02_daily_roi.csv,会员,WRONG_GRAIN,NOT_FOR_DECISION,recent（s.x_rec = 1）,b.dt>=2026-07-08,123,0,o.member_id|o.bet_date|stake|game_pnl|n_rounds,III 先修粒度
84,T03_arbitrage.csv,会员,OK,PRIMARY,hedge（h.n_side >= 2）,hedge（h.n_side >= 2）,123,0,member_id|stake|validbet|game_pnl|net_pnl|rebate|hedge_rate|stake_cv|n_rounds|n_days,I 可采
85,TL00_table_inventory.csv,桌台,INVALID,NOT_FOR_DECISION,recent（s.x_rec = 1）,b.dt>=2026-07-08,123,0,c.TABLE_NAME|列数|时间列数|处置类列数|定日类列数,III 先修粒度
86,TL02_config_change.csv,全窗/元数据,INVALID,NOT_FOR_DECISION,post（s.x_rec = 1）,b.dt>=2026-07-08,123,0,变更列|发生变更的会员数|在册会员数|变更率,III 先修粒度
87,TL03_pseudo_treatment.csv,会员,WRONG_GRAIN,NOT_FOR_DECISION,post（s.x_rec = 1）,b.dt>=2026-07-08,123,0,member_id|change_date|action_type|value_before|value_after|direction,III 先修粒度
88,TL03b_pseudo_treatment.csv,会员,WRONG_GRAIN,NOT_FOR_DECISION,post（s.x_rec = 1）,b.dt>=2026-07-08,123,0,member_id|cate|prev_date|change_date|action_type|value_before|value_after|direction,III 先修粒度
89,TL04_log_schema.csv,桌台,INVALID,NOT_FOR_DECISION,recent（s.x_rec = 1）,b.dt>=2026-07-08,123,0,TABLE_NAME|ORDINAL_POSITION|COLUMN_NAME|DATA_TYPE|COLUMN_COMMENT,III 先修粒度
90,TL06_log_mem_change.csv,日期,OK,REFERENCE,recent（s.x_rec = 1）,b.dt>=2026-07-08,123,0,dt|行数,II 描述
91,TL07_mem_change_shape.csv,全窗/元数据,INVALID,NOT_FOR_DECISION,post（s.x_rec = 1）,b.dt>=2026-07-08,123,0,类别|条数|涉及会员数|操作者数|最早异动|最晚异动|内容平均长度|内容样例|SQL平均长度|SQL样例,III 先修粒度
92,TL08_treatment_events.csv,会员,WRONG_GRAIN,NOT_FOR_DECISION,post（s.x_rec = 1）,b.dt>=2026-07-08,123,0,ev.member_id|ev.action_date|ev.action_time|ev.action_class|ev.operator_id|ev.operator_lv|ev.content|ev.raw_sql|is_baccarat_member,III 先修粒度
93,TL09_member_schema.csv,会员,INVALID,NOT_FOR_DECISION,recent（s.x_rec = 1）,b.dt>=2026-07-08,123,0,ORDINAL_POSITION|COLUMN_NAME|DATA_TYPE|COLUMN_COMMENT,III 先修粒度
94,TL10_treatment_ledger.csv,会员,WRONG_GRAIN,NOT_FOR_DECISION,post（s.x_rec = 1）,b.dt>=2026-07-08,123,0,p.member_id|p.action_date|p.action_time|p.action_class|p.field_name|p.value_before|p.value_after|p.operator_id|p.operator_lv|is_baccarat_member,III 先修粒度
95,TL11_treatment_episode.csv,会员,WRONG_GRAIN,NOT_FOR_DECISION,post（s.x_rec = 1）,b.dt>=2026-07-08,123,0,p.member_id|p.field_name|p.business_field|p.enforcement_type|is_baccarat_member|episode_id|start_date|start_time|p.value_before|p.value_after|start_operator|start_operator_lv|p.parse_sep|p.parse_status|release_date|censored|la.last_bet_date|la.n_bets_in_window|lc.last_config_time|days_since_last_bet|censor_cutoff_days|censor_reason|duration_days|episode_seq,III 先修粒度
96,TL11c_population_reconcile.csv,全窗/元数据,INVALID,NOT_FOR_DECISION,post（s.x_rec = 1）,b.dt>=2026-07-08,123,0,lvl|level_name|n_all|n_baccarat|n_member_all|n_member_bac|definition,III 先修粒度
97,TL14_limit_treatment.csv,会员,WRONG_GRAIN,NOT_FOR_DECISION,post（s.x_rec = 1）,b.dt>=2026-07-08,123,0,l.member_id|l.action_date|l.action_time|l.operator_id|l.operator_lv|l.grp_before|l.grp_after|b.max_hi_before|f.max_hi_after|b.n_grp_before|f.n_grp_after|direction|has_zero_group|is_baccarat_member|filter_rule_version,III 先修粒度
98,T_table_span.csv,桌台,OK,SUPPORT,recent（s.x_rec = 1）,b.dt>=2026-07-08,123,0,table_id|n_rounds|mean_sec|p50|p90|p99,I 可采
99,VB_00_validbet_contract.csv,全窗/元数据,INVALID,NOT_FOR_DECISION,hiturn（s.x_valid > s.x_stake）,hiturn（s.x_valid > s.x_stake）,123,0,scope|n_rows|n_vb_null|n_vb_blank|n_vb_zero|n_vb_pos|n_vb_neg|null_rate_pct|n_fallback_also_null|vb_sum|b13_sum|b41_sum|verdict_contract,III 先修粒度
100,VB_00b_zero_five_rates.csv,会员,INVALID,NOT_FOR_DECISION,hiturn（s.x_valid > s.x_stake）,hiturn（s.x_valid > s.x_stake）,123,0,scope|n_base_rows|n_active_member|n_zero_rows|n_zero_member|zero_record_rate_pct|zero_amount_rate_pct|zero_member_rate_pct|zero_profit_rate_pct|zero_active_rate_pct|zero_stake_sum|zero_ggr_sum|all_stake_sum|all_ggr_sum|zero_mu0_pct|base_mu0_pct|n_zero_both|verdict_zero,III 先修粒度
101,VB_41_identity_global.csv,风控专员,INVALID,NOT_FOR_DECISION,hiturn（s.x_valid > s.x_stake）,hiturn（s.x_valid > s.x_stake）,123,0,test|n_rows|n_both_null|n_null_asym|n_exact_equal|n_value_diff|pct_exact_equal|max_abs_diff|sum_abs_diff|d_min|d_p01|d_p05|d_p50|d_p95|d_p99|d_max|verdict_identity,III 先修粒度
102,VB_41b_identity_strata.csv,产品,WRONG_GRAIN,NOT_FOR_DECISION,hiturn（s.x_valid > s.x_stake）,hiturn（s.x_valid > s.x_stake）,123,0,bet09_value|commission_value|n_rows|n_both_null|n_null_asym|n_value_diff|max_abs_diff|b41_sum|vb_sum|verdict_stratum,III 先修粒度
103,VB_41b_identity_strata_v18b.csv,风控专员,WRONG_GRAIN,NOT_FOR_DECISION,hiturn（s.x_valid > s.x_stake）,hiturn（s.x_valid > s.x_stake）,123,0,bet09_value|commission_value|n_rows|n_both_null|n_null_asym|n_value_diff|pct_value_diff|max_abs_diff|d_min|d_max|sum_abs_diff|n_both_zero|n_b41_zero_vb_pos|n_b41_pos_vb_zero|d_sign_uniform|b41_sum|vb_sum|verdict_stratum,III 先修粒度
104,VB_41c1_964_detail.csv,会员,WRONG_GRAIN,NOT_FOR_DECISION,hiturn（s.x_valid > s.x_stake）,hiturn（s.x_valid > s.x_stake）,123,0,grp|bet01|member_id|dt|bet_time|table_id|shoe_id|bet09|commission|category|rebet_flag|agent_lv1|stake_raw|fx_rate|payout_raw|rebate_raw|net_raw|bet41|validbet|diff_vb_minus_b41|updatetime|sync_time,III 先修粒度
105,VB_41c2_concentration.csv,全窗/元数据,INVALID,NOT_FOR_DECISION,hiturn（s.x_valid > s.x_stake）,hiturn（s.x_valid > s.x_stake）,123,0,grp|n_rows|n_members|top1_member_share_pct|top1_member_n|max_member_diff_sum|n_dates|min_date|max_date|top_date_n|top_date_share_pct|n_tables|top_table_share_pct|n_bet09|n_commission|sum_stake|sum_validbet|min_stake|max_stake|verdict_concentration,III 先修粒度
106,VB_41c2_concentration_v2.csv,会员,INVALID,NOT_FOR_DECISION,hiturn（s.x_valid > s.x_stake）,hiturn（s.x_valid > s.x_stake）,123,0,grp|n_rows|n_members|n_dates|n_tables|n_bet09|top1_member_share_pct|top_date_share_pct|top_table_share_pct|top_bet09_share_pct|top_stake_share_pct|st_member|st_date|st_table|st_bet09|st_stake|n_dims_high|n_dims_near_or_high|verdict_concentration|sum_stake,III 先修粒度
107,V_ipmatch.csv,会员,WRONG_GRAIN,NOT_FOR_DECISION,recent（s.x_rec = 1）,b.dt>=2026-07-08,123,0,b.ip|b.n_member_log|b.country|b.city|in_bet_ip,III 先修粒度
108,V_recon.csv,全窗/元数据,INVALID,NOT_FOR_DECISION,recent（s.x_rec = 1）,b.dt>=2026-07-08,123,0,n_matched_round|mae_turnover|mae_rebate|mae_net|scale_turnover|scale_rebate|scale_net|mase_turnover|mase_rebate|mase_net|pct_exact_turnover|pct_exact_net,III 先修粒度
109,V_table_counts.csv,桌台,INVALID,NOT_FOR_DECISION,recent（s.x_rec = 1）,b.dt>=2026-07-08,123,0,表名|行数,III 先修粒度
110,X_combo.csv,全窗/元数据,INVALID,NOT_FOR_DECISION,recent（s.x_rec = 1）,b.dt>=2026-07-08,123,0,flag_ip|flag_tail_p90|n_member|valid_bet|game_pnl|roi,III 先修粒度
111,Z01_table_inventory.csv,桌台,INVALID,NOT_FOR_DECISION,recent（s.x_rec = 1）,b.dt>=2026-07-08,123,0,表名|表类型|估计行数|表注释|疑似性质,III 先修粒度
112,Z02_excluded_tables.csv,桌台,INVALID,NOT_FOR_DECISION,recent（s.x_rec = 1）,b.dt>=2026-07-08,123,0,表名|估计行数|表注释|处置,III 先修粒度
113,Z03_column_dictionary.csv,全窗/元数据,INVALID,NOT_FOR_DECISION,recent（s.x_rec = 1）,b.dt>=2026-07-08,123,0,表名|列序|列名|存储类型|可空|原始类型|业务含义|原始注释,III 先修粒度
114,Z04_name_collision.csv,全窗/元数据,INVALID,NOT_FOR_DECISION,recent（s.x_rec = 1）,b.dt>=2026-07-08,123,0,列名|释义数|类型数|出现表数|风险|明细,III 先修粒度
115,Z05_missing_typehint.csv,全窗/元数据,INVALID,NOT_FOR_DECISION,recent（s.x_rec = 1）,b.dt>=2026-07-08,123,0,表名|列序|列名|存储类型|原始注释|状态,III 先修粒度
116,Z06_generated_probe_sql.csv,全窗/元数据,INVALID,NOT_FOR_DECISION,recent（s.x_rec = 1）,b.dt>=2026-07-08,123,0,表名|列序|列名|估计行数|待执行SQL,III 先修粒度
117,Z07_probe_bet02.csv,全窗/元数据,INVALID,NOT_FOR_DECISION,recent（s.x_rec = 1）,b.dt>=2026-07-08,123,0,t|c|v|n|pct,III 先修粒度
118,Z08_roundkey_integrity.csv,全窗/元数据,INVALID,NOT_FOR_DECISION,recent（s.x_rec = 1）,b.dt>=2026-07-08,123,0,注单行数|局键数|单局最大注单行数|单局最大会员数|单局会员数P999|跨桌局键数_应为0|bet03跨桌数|bet03唯一值数|局键含哨兵值行数,III 先修粒度
119,Z09_time_axis_recon.csv,日期,INVALID,NOT_FOR_DECISION,recent（s.x_rec = 1）,b.dt>=2026-07-08,123,0,行数|dt等于账务日|dt等于下注日|账务日等于下注日|账务日不可用|开局时间不可用|下注时间不可用|下注时间纪元哨兵|开局时间纪元哨兵|账务日最小|账务日最大|下注早于开局_时序异常|下注距开局秒_最小|下注距开局秒_P50|下注距开局秒_P99|下注距开局秒_P999|下注距开局秒_最大,III 先修粒度
120,Z11_sentinel_impact.csv,全窗/元数据,INVALID,NOT_FOR_DECISION,post（s.x_rec = 1）,b.dt>=2026-07-08,123,0,未处置_注单行数|已处置_注单行数|未处置_局键数|已处置_局键数|未处置_会员数|已处置_会员数|未处置_IP数|已处置_IP数|未处置_单局最大会员数|已处置_单局最大会员数|单局最大会员数_差额|剔除行数|剔除占比,III 先修粒度
121,Z14_zero_month_diagnosis.csv,会员,WRONG_GRAIN,NOT_FOR_DECISION,recent（s.x_rec = 1）,b.dt>=2026-07-08,123,0,member_id|bet_month|zero_kind|vb_sum_state|m.n_orders|m.n_rounds_month|m.n_days_month|m.n_tables_month|m.n_vb_null|m.n_vb_blank|m.n_vb_true_zero|m.n_vb_positive|vb_null_share|m.sum_valid_bet|m.sum_stake|m.sum_game_pnl|m.sum_rebate|m.n_order_nocomm|h.n_hedge_rounds|h.n_hedge_eq|h.n_zero_pnl_rounds|hedge_eq_share|verdict_hint,III 先修粒度
122,_P12b-pre.csv,会员,WRONG_GRAIN,NOT_FOR_DECISION,post（s.x_rec = 1）,b.dt>=2026-07-08,123,0,member_id|action|content|action_time,III 先修粒度
123,_PH0_1b_table_inventory.csv,会员,INVALID,NOT_FOR_DECISION,recent（s.x_rec = 1）,b.dt>=2026-07-08,123,0,table_name|h_src|f.has_uid|f.has_time|f.has_amount|f.n_cols|table_nature|scope_db|scope_pattern|scope_scanned_at,III 先修粒度
124,_PH0_2b_column_inventory.csv,桌台,INVALID,NOT_FOR_DECISION,recent（s.x_rec = 1）,b.dt>=2026-07-08,123,0,table_name|col_pos|column_name|data_type|column_comment|name_style|col_family|fp_flag|scope_db|scope_pattern|scope_scanned_at,III 先修粒度
125,_PH0_3_lmc_category.csv,全窗/元数据,INVALID,NOT_FOR_DECISION,pre_rg（s.x_rec = 1）,b.dt>=2026-07-08,123,0,lmc04_category|n_events|n_target_id|n_operator|dt_min|dt_max|n_in_win|avg_len_content|avg_len_sql|n_content_hit_mem01617|n_sql_hit_mem01617|n_hit_rg_semantics,III 先修粒度
126,_PH0_4L1_member_columns.csv,会员,INVALID,NOT_FOR_DECISION,recent（s.x_rec = 1）,b.dt>=2026-07-08,123,0,table_name|col_pos|column_name|data_type|column_comment,III 先修粒度
127,_PH0_4b_rg_keyword.csv,全窗/元数据,INVALID,NOT_FOR_DECISION,pre_rg（s.x_rec = 1）,b.dt>=2026-07-08,123,0,lmc04_category|n_events|rg_self_exclusion|rg_cooling_off|rg_responsible|biz_limit|biz_freeze|biz_disable|biz_block|amb_exclude_any|n_in_win,III 先修粒度
128,_PH0_4w2_balance_points.csv,日期,INVALID,NOT_FOR_DECISION,recent（s.x_rec = 1）,b.dt>=2026-07-08,123,0,dt_slice|n_user_active|n_pts_total|pts_avg|pts_min|pts_p50|pts_p90|pts_p99|pts_max|pts_ok_avg|n_user_single_pt|pct_single_pt,III 先修粒度
129,_PH0_6b_member_daily.csv,会员,OK,PRIMARY,recent（s.x_rec = 1）,b.dt>=2026-07-08,123,0,dt_day|n_rows|n_mem001|rows_per_key|n_enable_N|n_canbet_N,I 可采
