table,column,rows,sum,max_abs,ratio_to_stake,ratio_to_gross_ggr,units_verdict
B01_bt_panel.csv,game_pnl,2150000,56760577.9195999,992092.5,0.00422448519208828,0.242408118685749,PLAUSIBLE
B01_bt_panel.csv,net_pnl,2150000,60522368.0281469,992092.5,0.00450446166857538,0.258473643324966,PLAUSIBLE
B01_bt_panel.csv,rebate,2150000,3761790.10854315,51384.2507810079,0.000279976476486812,0.0160655246392007,PLAUSIBLE
B01_bt_panel.csv,validbet,2150000,4152425598.9042,15058404.461312,0.309050067789422,17.733816573163,PLAUSIBLE
B01_bt_panel_delta.csv,game_pnl,50811,-5454230.9605223,352773.949000691,-0.000405938747832931,-0.0232934532113216,PLAUSIBLE
B01_bt_panel_delta.csv,net_pnl,50811,-5358689.03368929,352773.949000691,-0.00039882790664838,-0.0228854210948762,PLAUSIBLE
B01_bt_panel_delta.csv,rebate,50811,95541.9268342009,9187.6292212231,0.00000711084118464009,0.00040803211645054,PLAUSIBLE
B01_bt_panel_delta.csv,validbet,50811,228720586.613419,6149337.02899095,0.0170228487215682,0.976799904754223,PLAUSIBLE
B_online_base.csv,game_pnl,836,-220797049.522624,2892875.65949661,-0.0164331284203331,-0.942960754591992,PLAUSIBLE
C01_ip_chain.csv,game_pnl,6752,-9123115.56686168,259945.746998588,-0.000679000602716009,-0.038962205146117,PLAUSIBLE
C01_ip_chain.csv,net_pnl,6752,-9016212.11662551,259592.483538326,-0.000671044164302968,-0.0385056512278417,PLAUSIBLE
C08_subnet_all.csv,game_pnl,45907,-174392219.484232,2148710.17326448,-0.0129793842104654,-0.744779059481831,PLAUSIBLE
C08_subnet_sparse.csv,game_pnl,38733,-46765807.3482758,1250842.79278299,-0.0034806104497154,-0.199723325477297,PLAUSIBLE
D03S_daily_roi_diff.csv,vb_tail,138,0,0,0,0,PLAUSIBLE
D03S_daily_roi_diff.csv,vb_norm,138,11395595429.2518,137813562.06897,0.848133086560413,48.6673136630445,PLAUSIBLE
DICT_01a_bet41_tri.csv,sum_stake,1,676911569948.81,676911569948.81,50.380087878114,2890.89481118984,EXCEEDS_PLATFORM_STAKE_3X
DICT_01a_bet41_tri.csv,sum_validbet,1,604032297697.17,604032297697.17,44.9559463749509,2579.64838056451,EXCEEDS_PLATFORM_STAKE_3X
DICT_01a_bet41_tri.csv,r41_vb,1,0.99999631,0.99999631,0.0000000000744261203563113,0.00000000427069690064036,PLAUSIBLE
DICT_01a_bet41_tri.csv,r16_vb,1,0.00002973,0.00002973,0.00000000000000221269672304404,0.000000000000126968287369018,PLAUSIBLE
DICT_01a_bet41_tri.csv,r_vb_stake,1,0.89233561,0.89233561,0.0000000000664133225732427,0.00000000381090898621219,PLAUSIBLE
DICT_01c_dimension.csv,avg_validbet,1,4807.2968,4807.2968,0.000000357789770469563,0.0000205305833020707,PLAUSIBLE
DX04_bet09_profile.csv,stake_total,23,13437354418.9953,7036869281.86005,1.00009384760485,57.387079628333,PLAUSIBLE
DX04_bet09_profile.csv,player_pnl,23,-234235007.599553,87142922.5587554,-0.0174332671960218,-1.0003504122699,PLAUSIBLE
DX04_bet09_profile.csv,avg_stake,23,819.835980385791,151.401172815247,0.000000061017436502968,0.00000350128390020464,PLAUSIBLE
DX05_product_panorama.csv,stake_total,8,18336101481.1825,13436093473.3333,1.36468993140987,78.3082207228478,CHECK
DX05_product_panorama.csv,validbet_total,8,16443456263.4131,12101545164.6445,1.22382717085678,70.2252768312451,CHECK
DX05_product_panorama.csv,player_pnl,8,-364904456.279483,234152957.1044,-0.0271585231965618,-1.55840208096633,CHECK
DX05_product_panorama.csv,ggr,8,364904456.279483,234152957.1044,0.0271585231965618,1.55840208096633,CHECK
DX05_product_panorama.csv,rebate_total,8,8781001.99904095,8220755.89183145,0.000653538323186044,0.0375011364010144,PLAUSIBLE
E02_segment_econ.csv,validbet,59,37388577726.2696,32722574953.1647,2.78269705395877,159.675872218899,CHECK
E02_segment_econ.csv,ggr,59,717125898.501069,588083646.484685,0.0533730953791904,3.06263865323408,CHECK
E02_segment_econ.csv,rebate,59,14896204415.3499,8131497798.06047,1.10867079366428,63.6174087761786,CHECK
E02_segment_econ.csv,commission,59,166768321421.914,148780405097.848,12.4119649619181,712.219581511818,EXCEEDS_PLATFORM_STAKE_3X
I_ip_agg.csv,net_pnl,8660,-16100058.7754843,1250842.79278299,-0.00119826933378172,-0.0687587248322831,PLAUSIBLE
I_ip_agg.csv,game_pnl,8660,-16612626.8498203,1250842.79278299,-0.00123641792774137,-0.0709477557962414,PLAUSIBLE
I_ip_player.csv,stake_ip,696403,11650752680.8847,97050361.9512528,0.867123520954934,49.7570169677743,PLAUSIBLE
I_ip_player.csv,game_pnl_ip,696403,-132501638.086122,2443212.47221622,-0.00986161925298115,-0.565876423188174,PLAUSIBLE
I_ip_player.csv,rebate_ip,696403,7596759.921115,790797.906347132,0.000565399454530894,0.0324435787668204,PLAUSIBLE
I_ip_player.csv,net_pnl_ip,696403,-124904878.164999,1854297.4,-0.00929621979844966,-0.533432844421319,PLAUSIBLE
I_ip_player.csv,net_pnl_all,696403,-5769774466.26019,4016417.7737817,-0.429423513427417,-24.6410488559216,CHECK
I_ip_player.csv,game_pnl_all,696403,-6013744299.39116,4016417.7737817,-0.447581308593596,-25.6829739108272,CHECK
K01_risk_feature_matrix.csv,validbet,120063,11704192719.2619,101787084.697759,0.871100870359462,49.9852440161999,PLAUSIBLE
P01C_split_by_dim.csv,commission,2999,2301,999,0.00000017125513487132,0.00000982690982967075,PLAUSIBLE
P0C04_同日泄漏检验.csv,标记日_洗码量,125,15656889.5,4311092,0.00116528584223722,0.0668660761971398,PLAUSIBLE
P0C04_同日泄漏检验.csv,前30日均_洗码量,125,24274345.4195677,6075000,0.00180665202031337,0.103668754286125,PLAUSIBLE
P0C09_安慰剂检验.csv,参照日_洗码量,4807,209981706,23850000,0.0156281813913689,0.896771530092322,PLAUSIBLE
P0C09_安慰剂检验.csv,前30日均_洗码量,4807,184719205.29605,3994150,0.0137479845355489,0.788882648523564,PLAUSIBLE
P11_阿泽尾段投注总帐.csv,stake_sum,2,13459650933.96,13436093473.33,1.00175329683451,57.4823016370572,PLAUSIBLE
P11_阿泽尾段投注总帐.csv,validbet_sum,2,12122821705.48,12101545164.64,0.90225791664187,51.7730881273044,PLAUSIBLE
P11_阿泽尾段投注总帐.csv,ggr_sum,2,234454517,234152957.1,0.0174496044893634,1.00128787384529,PLAUSIBLE
P11_阿泽尾段投注总帐.csv,ngr_by16,2,226229615.32,225932201.21,0.0168374547081762,0.966161682116793,PLAUSIBLE
P11_雷欧尾段投注总帐.csv,stake_sum,2,26203481665.41,13436093473.33,1.9502306765354,111.907540873279,CHECK
P11_雷欧尾段投注总帐.csv,validbet_sum,2,23601342195.13,12101545164.64,1.75656281650203,100.794550895587,CHECK
P11_雷欧尾段投注总帐.csv,ggr_sum,2,430336176.72,234152957.1,0.0320283702669238,1.83784215778909,CHECK
P11_雷欧尾段投注总帐.csv,ngr_by16,2,414139070.36,225932201.21,0.0308228780312842,1.76866897060904,CHECK
P12a_platform_daily.csv,stake_sum,139,13436093473.3328,152549613.0395,0.999999999964915,57.3816944917293,PLAUSIBLE
P12a_platform_daily.csv,validbet_sum,139,12101545164.644,137813562.069,0.900674380409595,51.6822221350042,PLAUSIBLE
P12a_platform_daily.csv,ggr_sum,139,234152957.1035,4069543.6425,0.0174271604733934,0.999999998177687,PLAUSIBLE
P12a_platform_daily.csv,stake_ramp_day,139,131.174766,1.079047,0.00000000976286494699862,0.000000560209733772343,PLAUSIBLE
P12c_member_daily_pnl.csv,day_stake,1595911,12767388192.4263,29605331.8244,0.950230676596464,54.5258463830405,PLAUSIBLE
P12c_member_daily_pnl.csv,day_vb,1595911,11499797030.8327,26357552.5282,0.855888436118235,49.1123287620636,PLAUSIBLE
P12c_member_daily_pnl.csv,day_pnl,1595911,-196183219.944,1621074.5,-0.0146012098179051,-0.837842161010062,PLAUSIBLE
PI01_treatment_delta_member.csv,stake_pre,186,160159514.59,22104639.7,0.0119200952942354,0.683995266510112,PLAUSIBLE
PI01_treatment_delta_member.csv,stake_post,186,283373030.81,42814839.09,0.021090433120496,1.21020479006101,PLAUSIBLE
PI01_treatment_delta_member.csv,d_stake,186,123213516.2,35319138.19,0.00917033782477208,0.526209523465483,PLAUSIBLE
PI01_treatment_delta_member.csv,d_validbet,186,114793700.61,32355232.24,0.00854368130393024,0.490250910434024,PLAUSIBLE
PI01_treatment_delta_member.csv,d_revenue,186,4435783.08,1526163.17,0.000330139343600747,0.0189439549548628,PLAUSIBLE
PI02_treatment_delta_platform.csv,sum_stake,3,13436093473.33,12992560927.9,0.999999999964707,57.3816944917173,PLAUSIBLE
PI02_treatment_delta_platform.csv,sum_validbet,3,12101545164.64,11703241043.57,0.900674380409297,51.6822221349871,PLAUSIBLE
PI02_treatment_delta_platform.csv,sum_revenue,3,234152957.1,229821016.77,0.0174271604731329,0.99999999816274,PLAUSIBLE
PI02_treatment_delta_platform.csv,revenue_per_member,3,48716.42,48709.57,0.00000362578751740455,0.000208053831622933,PLAUSIBLE
PI04_member_5d_profile.csv,sum_stake,723442,13436093493.96,113094762,1.00000000150012,57.3816945798221,PLAUSIBLE
PI04_member_5d_profile.csv,sum_validbet,723442,12101545184.49,101787084.7,0.900674381886661,51.6822222197608,PLAUSIBLE
PI04_member_5d_profile.csv,sum_revenue,723442,234152975.98,4016417.77,0.0174271618783033,1.00000007879379,PLAUSIBLE
P_player_month.csv,game_pnl,1030097,-234152957.1044,2578966,-0.0174271604734604,-0.999999998181532,PLAUSIBLE
P_player_month.csv,rebate,1030097,8220755.89183145,232458.473982533,0.000611841225119423,0.0351084862584799,PLAUSIBLE
P_player_month.csv,net_pnl,1030097,-225932201.212561,2578966,-0.0168153192483404,-0.964891511923016,PLAUSIBLE
QSB_01a_category_census.csv,stake_sum,2,676914983188.21,676914511000.81,50.3803419132178,2890.90938815456,EXCEEDS_PLATFORM_STAKE_3X
QSB_01a_category_census.csv,payout_sum,2,663425594031.68,663425594031.68,49.376375307684,2833.3000831139,EXCEEDS_PLATFORM_STAKE_3X
QSB_01a_category_census.csv,validbet_sum,2,604032736752.17,604032736752.17,44.9559790522318,2579.65025564225,EXCEEDS_PLATFORM_STAKE_3X
QSB_01c_cat1_contamination.csv,stake_sum,23,676914511000.81,330779501341.07,50.3803067700119,2890.90737157785,EXCEEDS_PLATFORM_STAKE_3X
QSB_02b2_lowcard_five_gates.csv,payout_over_stake,29,28.247759,0.997217,0.0000000021023788689081,0.000000120638061965785,PLAUSIBLE
R01_late_shoe.csv,stake_late_avg,92412,9955232.81051335,34785.2616521874,0.000740932089369775,0.0425159387928268,PLAUSIBLE
R01_late_shoe.csv,stake_early_avg,92412,9785521.09728666,35297.0870592872,0.000728301058366785,0.0417911488306722,PLAUSIBLE
R01_late_shoe.csv,stake_late,92412,2776134884.22789,44244675.2633175,0.206617711438254,11.8560743947462,PLAUSIBLE
R01_late_shoe.csv,game_pnl_late,92412,-44261956.5723093,1581850.44102063,-0.00329425786286803,-0.189030098270702,PLAUSIBLE
R01_late_shoe.csv,stake_all,92412,12767388192.083,113094762,0.950230676570913,54.5258463815744,PLAUSIBLE
R01_late_shoe.csv,game_pnl_all,92412,-196183219.624668,4016417.7737817,-0.0146012097941383,-0.837842159646287,PLAUSIBLE
R01_late_shoe_w2.csv,stake_late_avg,16897,1872867.62229571,50000,0.000139390785420417,0.00799847946423721,PLAUSIBLE
R01_late_shoe_w2.csv,stake_early_avg,16897,1832399.80236142,27878.0507614213,0.000136378911469616,0.00782565303333864,PLAUSIBLE
R01_late_shoe_w2.csv,stake_late,16897,221869769.508081,4347422,0.016512967101684,0.947542033414055,PLAUSIBLE
R01_late_shoe_w2.csv,game_pnl_late,16897,-1945393.08904944,339699.345279118,-0.000144788594455843,-0.00830821489324357,PLAUSIBLE
R01_late_shoe_w2.csv,stake_all,16897,1028277069.41502,21299360,0.0765309553271422,4.39147589789633,PLAUSIBLE
R01_late_shoe_w2.csv,game_pnl_all,16897,-8043366.15882408,791583.994709017,-0.000598638746783497,-0.0343509056800475,PLAUSIBLE
R03_player_dealer.csv,stake_amount,517528,5647661538.02878,2992600.63141279,0.420335088397516,24.1195396274265,PLAUSIBLE
R03_player_dealer.csv,profit_amount,517528,-36366884.1265576,827801,-0.00270665608254815,-0.155312512428408,PLAUSIBLE
R03_player_dealer.csv,net_pnl,517528,-32133250.0290023,827801,-0.0023915619589616,-0.137231877691991,PLAUSIBLE
R03_player_dealer.csv,total_bet_amount,517528,5647661538.02878,2992600.63141279,0.420335088397516,24.1195396274265,CHECK
R03_player_dealer.csv,net_pnl_all,517528,-8623158671.6303,4016417.7737817,-0.641790613353689,-36.827032904413,CHECK
R03_player_dealer.csv,game_pnl_all,517528,-9100908941.16888,4016417.7737817,-0.677347843620808,-38.8673670286445,CHECK
R03_player_dealer.csv,stake_all,517528,643996213074.355,113094762,47.9303165261486,2750.32277989184,EXCEEDS_PLATFORM_STAKE_3X
R03b_player_dealer_daily_b1_to_b8.csv,stake_amount,800000,2377078622.95769,5357777.40808519,0.176917392513842,10.1518197678588,PLAUSIBLE
R03b_player_dealer_daily_b1_to_b8.csv,profit_amount,800000,73715507.4682815,547557.259901055,0.00548637947570115,0.314817750951422,PLAUSIBLE
R03b_player_dealer_daily_b1_to_b8.csv,net_pnl,800000,76526352.1596027,547557.259901055,0.00569558051295214,0.326822060958733,PLAUSIBLE
S01_player_score.csv,流水贡献,723442,12101545164.6445,101787084.697759,0.900674380409631,51.6822221350063,PLAUSIBLE
S01_player_score.csv,游戏输赢贡献,723442,234152957.1044,4016417.7737817,0.0174271604734604,0.999999998181532,PLAUSIBLE
S01_player_score.csv,退水支出,723442,8220755.89183145,794419.859283388,0.000611841225119423,0.0351084862584799,PLAUSIBLE
S02_dealer_score.csv,在桌洗码量,299,10124987042.9566,103184568.570419,0.753566284924774,43.2409103423379,PLAUSIBLE
S02_dealer_score.csv,桌面输赢,299,-198307791.671634,3082085.40672533,-0.0147593340324899,-0.846915596383433,PLAUSIBLE
S03_agent_score.csv,cost_ownshare_a,4191,216732340.9187,10354617.9222,0.0161306068122594,0.92560155209975,CHECK
S03_agent_score.csv,stake_testline_audit,4191,6304728.31,1258130.6711,0.000469238199502859,0.0269256830086669,PLAUSIBLE
S03_agent_score.csv,profit_testline_audit,4191,410215.03,82097.3359,0.0000305308258534952,0.00175191052176692,PLAUSIBLE
S05_member_month_panel.csv,流水贡献,278729,11745711922.5012,63843972.3474229,0.87419099497941,50.1625606030893,PLAUSIBLE
S05_member_month_panel.csv,游戏输赢贡献,278729,192595321.549373,2578966,0.0143341754748036,0.822519277914877,PLAUSIBLE
S05_member_month_panel.csv,退水支出,278729,8120069.95662132,232458.473982533,0.000604347533935566,0.0346784855603373,PLAUSIBLE
S_player_tail.csv,tail_stake,159603,3276008834.68757,51500179.661599,0.243821527520233,13.9908924031636,PLAUSIBLE
S_player_tail.csv,tail_valid_bet,159603,2931105167.46329,46333817.4705454,0.21815159095,12.5179079452168,PLAUSIBLE
S_player_tail.csv,tail_game_pnl,159603,-50847827.9717876,1701512.46377118,-0.00378442052899702,-0.217156462630755,PLAUSIBLE
S_player_tail.csv,tail_rebate,159603,1819398.03449716,370670.53976445,0.000135411236758986,0.00777012621872395,PLAUSIBLE
S_player_tail.csv,tail_net_pnl,159603,-49028429.9372882,1701512.46377118,-0.00364900929223787,-0.209386336412021,PLAUSIBLE
S_player_tail.csv,norm_game_pnl,159603,-149269985.191691,2272178.5,-0.0111096268779848,-0.637489215451993,PLAUSIBLE
T02_daily_roi.csv,game_pnl,1160259,-138892883.982106,1621074.5,-0.010337296644512,-0.593171597946579,PLAUSIBLE
T03_arbitrage.csv,validbet,80631,11424439019.7349,101787084.697759,0.850279811018633,48.7904963500683,PLAUSIBLE
T03_arbitrage.csv,game_pnl,80631,-193410621.322411,4016417.7737817,-0.0143948552977467,-0.826001188976934,PLAUSIBLE
T03_arbitrage.csv,net_pnl,80631,-185475553.003615,4016417.7737817,-0.0138042767687817,-0.792112792253299,PLAUSIBLE
T03_arbitrage.csv,rebate,80631,7935068.31878732,794419.859283388,0.00059057852896439,0.0338883967235985,PLAUSIBLE
VB_00_validbet_contract.csv,vb_sum,1,604032736752.17,604032736752.17,44.9559790522318,2579.65025564225,EXCEEDS_PLATFORM_STAKE_3X
VB_00b_zero_five_rates.csv,zero_stake_sum,1,1275823490.18,1275823490.18,0.0949549430172855,5.44867553088861,PLAUSIBLE
VB_00b_zero_five_rates.csv,zero_ggr_sum,1,691538.75,691538.75,0.0000514687361581895,0.00295336329420827,PLAUSIBLE
VB_00b_zero_five_rates.csv,all_stake_sum,1,13436093473.33,13436093473.33,0.999999999964707,57.3816944917173,PLAUSIBLE
VB_00b_zero_five_rates.csv,all_ggr_sum,1,234152957.1,234152957.1,0.0174271604731329,0.999999998162739,PLAUSIBLE
VB_41b_identity_strata.csv,commission_value,51,1017,999,0.0000000756916437045338,0.00000434331477478277,PLAUSIBLE
VB_41b_identity_strata.csv,vb_sum,51,604032736752.17,278769695574,44.9559790522318,2579.65025564225,EXCEEDS_PLATFORM_STAKE_3X
VB_41b_identity_strata_v18b.csv,commission_value,51,1017,999,0.0000000756916437045338,0.00000434331477478277,PLAUSIBLE
VB_41b_identity_strata_v18b.csv,vb_sum,51,604032736752.17,278769695574,44.9559790522318,2579.65025564225,EXCEEDS_PLATFORM_STAKE_3X
VB_41c1_964_detail.csv,commission,964,1096,999,0.0000000815713289087208,0.00000468070107488881,PLAUSIBLE
VB_41c1_964_detail.csv,stake_raw,964,2242708,1000000,0.00016691667145458,0.00957796144731909,PLAUSIBLE
VB_41c1_964_detail.csv,payout_raw,964,2242708,1000000,0.00016691667145458,0.00957796144731909,CHECK
VB_41c1_964_detail.csv,rebate_raw,964,0,0,0,0,PLAUSIBLE
VB_41c1_964_detail.csv,validbet,964,2242708,1000000,0.00016691667145458,0.00957796144731909,PLAUSIBLE
VB_41c1_964_detail.csv,diff_vb_minus_b41,964,2242708,1000000,0.00016691667145458,0.00957796144731909,PLAUSIBLE
VB_41c2_concentration.csv,sum_stake,2,2242708,2242638,0.00016691667145458,0.00957796144731909,PLAUSIBLE
VB_41c2_concentration.csv,sum_validbet,2,2242708,2242638,0.00016691667145458,0.00957796144731909,PLAUSIBLE
VB_41c2_concentration.csv,min_stake,2,11,10,0.000000000818690344886797,0.0000000469778392552709,PLAUSIBLE
VB_41c2_concentration.csv,max_stake,2,1000010,1000000,0.0000744271392536587,0.00427075536669667,PLAUSIBLE
VB_41c2_concentration_v2.csv,sum_stake,2,2242708,2242638,0.00016691667145458,0.00957796144731909,PLAUSIBLE
V_recon.csv,mae_rebate,1,0.000529829,0.000529829,0.0000000000000394332624310024,0.00000000000226274741770735,PLAUSIBLE
V_recon.csv,scale_rebate,1,1.5214160941,1.5214160941,0.000000000113233515163187,0.00000000649753097354653,PLAUSIBLE
V_recon.csv,mase_rebate,1,0.000348247269,0.000348247269,0.0000000000000259187887966814,0.00000000000148726402037901,PLAUSIBLE
X_combo.csv,game_pnl,2,-194647602.09361,147137068.692754,-0.0144869193172187,-0.831283978416137,PLAUSIBLE
Z14_zero_month_diagnosis.csv,sum_valid_bet,14060,2162935.907276,200000,0.000160979522172347,0.00923727776104229,PLAUSIBLE
Z14_zero_month_diagnosis.csv,sum_stake,14060,4240308.81570103,200000,0.000315590898795709,0.018109140539701,PLAUSIBLE
Z14_zero_month_diagnosis.csv,sum_game_pnl,14060,-17055.0339649646,1000,-0.00000126934469443935,-0.000072837149463572,PLAUSIBLE
Z14_zero_month_diagnosis.csv,sum_rebate,14060,1824.2375592412,873.9157982125,0.000000135771425139148,0.00000779079443831461,PLAUSIBLE
_PH0_1b_table_inventory.csv,has_amount,131,33,1,0.00000000245607103466039,0.000000140933517765813,CHECK
